CREATE DATABASE  IF NOT EXISTS `vk` /*!40100 DEFAULT CHARACTER SET utf8mb4 COLLATE utf8mb4_0900_ai_ci */ /*!80016 DEFAULT ENCRYPTION='N' */;
USE `vk`;
-- MySQL dump 10.13  Distrib 8.0.21, for Win64 (x86_64)
--
-- Host: localhost    Database: vk
-- ------------------------------------------------------
-- Server version	8.0.21

/*!40101 SET @OLD_CHARACTER_SET_CLIENT=@@CHARACTER_SET_CLIENT */;
/*!40101 SET @OLD_CHARACTER_SET_RESULTS=@@CHARACTER_SET_RESULTS */;
/*!40101 SET @OLD_COLLATION_CONNECTION=@@COLLATION_CONNECTION */;
/*!50503 SET NAMES utf8 */;
/*!40103 SET @OLD_TIME_ZONE=@@TIME_ZONE */;
/*!40103 SET TIME_ZONE='+00:00' */;
/*!40014 SET @OLD_UNIQUE_CHECKS=@@UNIQUE_CHECKS, UNIQUE_CHECKS=0 */;
/*!40014 SET @OLD_FOREIGN_KEY_CHECKS=@@FOREIGN_KEY_CHECKS, FOREIGN_KEY_CHECKS=0 */;
/*!40101 SET @OLD_SQL_MODE=@@SQL_MODE, SQL_MODE='NO_AUTO_VALUE_ON_ZERO' */;
/*!40111 SET @OLD_SQL_NOTES=@@SQL_NOTES, SQL_NOTES=0 */;

--
-- Table structure for table `communities`
--

DROP TABLE IF EXISTS `communities`;
/*!40101 SET @saved_cs_client     = @@character_set_client */;
/*!50503 SET character_set_client = utf8mb4 */;
CREATE TABLE `communities` (
  `id` int unsigned NOT NULL AUTO_INCREMENT COMMENT 'Идентификатор сроки',
  `name` varchar(150) CHARACTER SET utf8 COLLATE utf8_unicode_ci NOT NULL COMMENT 'Название группы',
  `created_at` datetime DEFAULT CURRENT_TIMESTAMP COMMENT 'Время создания строки',
  `updated_at` datetime DEFAULT CURRENT_TIMESTAMP ON UPDATE CURRENT_TIMESTAMP COMMENT 'Время обновления строки',
  PRIMARY KEY (`id`),
  UNIQUE KEY `name` (`name`)
) ENGINE=InnoDB AUTO_INCREMENT=101 DEFAULT CHARSET=utf8 COLLATE=utf8_unicode_ci COMMENT='Группы';
/*!40101 SET character_set_client = @saved_cs_client */;

--
-- Dumping data for table `communities`
--

LOCK TABLES `communities` WRITE;
/*!40000 ALTER TABLE `communities` DISABLE KEYS */;
INSERT INTO `communities` VALUES (1,'laudantium','2020-01-13 19:31:13','2019-12-31 10:42:53'),(2,'eius','2020-05-22 00:57:38','2019-08-14 08:31:35'),(3,'ipsam','2019-08-05 03:17:24','2020-02-01 06:36:41'),(4,'et','2019-09-05 03:12:35','2019-10-14 13:24:50'),(5,'expedita','2020-01-03 20:47:44','2020-05-13 14:11:15'),(6,'non','2020-02-04 09:37:06','2020-05-13 21:50:01'),(7,'esse','2020-05-17 12:50:37','2020-06-08 02:46:16'),(8,'id','2019-10-31 11:42:41','2020-02-06 08:20:05'),(9,'culpa','2020-05-03 08:18:30','2020-07-11 23:47:32'),(10,'minus','2019-09-12 00:21:37','2020-05-28 20:15:15'),(11,'molestiae','2019-10-10 02:55:15','2019-11-18 14:48:48'),(12,'voluptates','2019-12-17 07:36:41','2020-05-27 01:52:18'),(13,'alias','2020-03-31 06:55:26','2020-04-17 13:01:34'),(14,'aut','2020-07-06 13:13:49','2020-05-07 16:13:29'),(15,'blanditiis','2020-07-08 17:35:33','2019-12-06 20:17:48'),(16,'voluptatibus','2020-03-23 03:48:24','2019-11-24 11:38:27'),(17,'nam','2020-06-10 15:56:20','2019-10-08 04:47:31'),(18,'quia','2019-12-30 03:30:38','2020-02-23 05:39:49'),(19,'dicta','2019-11-01 08:11:03','2019-10-27 17:02:50'),(20,'occaecati','2020-04-16 13:02:39','2020-06-29 03:01:54');
/*!40000 ALTER TABLE `communities` ENABLE KEYS */;
UNLOCK TABLES;

--
-- Table structure for table `communities_users`
--

DROP TABLE IF EXISTS `communities_users`;
/*!40101 SET @saved_cs_client     = @@character_set_client */;
/*!50503 SET character_set_client = utf8mb4 */;
CREATE TABLE `communities_users` (
  `community_id` int unsigned NOT NULL COMMENT 'Ссылка на группу',
  `user_id` int unsigned NOT NULL COMMENT 'Ссылка на пользователя',
  `created_at` datetime DEFAULT CURRENT_TIMESTAMP COMMENT 'Время создания строки',
  PRIMARY KEY (`community_id`,`user_id`) COMMENT 'Составной первичный ключ'
) ENGINE=InnoDB DEFAULT CHARSET=utf8 COLLATE=utf8_unicode_ci COMMENT='Участники групп, связь между пользователями и группами';
/*!40101 SET character_set_client = @saved_cs_client */;

--
-- Dumping data for table `communities_users`
--

LOCK TABLES `communities_users` WRITE;
/*!40000 ALTER TABLE `communities_users` DISABLE KEYS */;
INSERT INTO `communities_users` VALUES (1,18,'2020-06-20 05:24:11'),(1,19,'2020-01-17 10:36:19'),(1,78,'2020-03-30 14:55:18'),(1,90,'2019-10-22 03:24:50'),(2,2,'2019-10-05 00:12:49'),(2,44,'2020-07-17 11:28:11'),(2,60,'2019-12-05 10:40:07'),(2,82,'2020-06-27 01:39:40'),(3,12,'2020-02-24 20:23:45'),(3,28,'2020-02-15 06:35:39'),(3,30,'2020-04-14 17:41:45'),(3,72,'2020-05-04 22:14:09'),(3,79,'2019-07-25 20:04:44'),(3,85,'2019-08-24 22:39:57'),(3,100,'2019-11-22 06:25:27'),(4,11,'2020-05-20 20:34:08'),(4,32,'2020-03-09 18:00:00'),(4,43,'2020-05-17 09:05:54'),(4,75,'2020-04-03 17:13:34'),(4,94,'2020-04-19 13:29:25'),(5,7,'2020-02-25 07:22:43'),(5,10,'2019-12-09 15:32:50'),(5,13,'2019-09-20 10:49:12'),(5,24,'2019-10-19 03:11:23'),(5,46,'2020-02-17 01:45:48'),(5,52,'2020-04-30 18:28:22'),(6,27,'2019-12-10 18:50:45'),(6,34,'2020-03-26 00:56:55'),(7,35,'2020-04-19 09:47:12'),(7,40,'2020-04-21 16:33:34'),(7,48,'2019-09-30 14:04:01'),(7,69,'2019-12-23 19:18:08'),(7,84,'2019-11-20 02:34:28'),(7,93,'2020-05-29 02:14:55'),(8,4,'2020-01-14 04:37:48'),(8,17,'2019-11-08 16:49:50'),(8,33,'2020-04-05 09:37:17'),(8,47,'2019-09-11 09:01:29'),(8,51,'2020-02-28 18:19:28'),(8,64,'2019-12-06 14:20:09'),(8,65,'2020-02-13 19:59:01'),(8,67,'2020-05-23 23:11:58'),(8,73,'2019-11-03 09:30:56'),(8,77,'2020-05-08 11:16:42'),(8,80,'2019-12-22 20:22:39'),(9,22,'2019-08-30 13:41:54'),(9,26,'2020-06-02 06:54:37'),(9,38,'2019-09-22 06:35:47'),(9,56,'2019-09-12 15:52:15'),(9,57,'2020-01-28 21:58:28'),(9,71,'2020-02-20 08:59:40'),(10,6,'2019-11-28 18:23:35'),(10,74,'2019-10-01 02:59:46'),(11,23,'2020-05-18 10:37:47'),(11,31,'2020-01-15 12:21:04'),(11,49,'2020-04-22 00:56:15'),(11,83,'2020-05-22 17:43:21'),(12,42,'2020-07-05 19:04:48'),(12,50,'2019-07-22 11:16:04'),(12,76,'2020-01-15 02:36:46'),(12,91,'2019-08-07 02:24:35'),(13,9,'2020-01-27 11:49:30'),(13,25,'2019-11-16 01:05:05'),(13,61,'2020-02-14 11:30:49'),(14,8,'2019-09-01 02:24:45'),(14,14,'2020-02-18 01:36:11'),(14,29,'2019-08-26 05:49:57'),(14,66,'2019-09-10 06:48:44'),(14,68,'2019-09-14 10:03:34'),(14,70,'2019-08-29 13:17:53'),(14,81,'2020-04-14 03:41:26'),(14,86,'2019-10-21 11:28:45'),(14,97,'2020-04-22 03:49:28'),(14,99,'2020-02-23 12:42:08'),(15,3,'2020-06-04 05:12:02'),(15,5,'2020-04-09 07:27:27'),(15,36,'2020-05-23 12:21:45'),(15,37,'2020-06-21 09:39:04'),(15,54,'2019-11-09 08:57:24'),(15,88,'2020-06-14 20:50:28'),(15,98,'2019-12-12 09:51:47'),(17,15,'2019-11-12 04:30:59'),(17,58,'2020-05-23 14:42:19'),(17,63,'2019-09-26 12:08:44'),(17,92,'2019-07-23 03:39:38'),(18,21,'2019-10-01 10:55:44'),(18,45,'2020-04-04 11:57:01'),(18,53,'2019-07-31 13:23:32'),(18,89,'2019-12-24 18:05:27'),(18,95,'2019-12-22 04:36:23'),(18,96,'2020-03-30 02:10:53'),(19,1,'2020-07-06 02:22:58'),(19,39,'2020-04-19 13:56:44'),(19,41,'2019-12-18 23:15:08'),(19,55,'2019-12-11 05:29:18'),(19,59,'2020-03-07 08:50:33'),(20,16,'2019-09-03 23:04:42'),(20,20,'2020-01-27 09:48:21'),(20,62,'2020-03-02 22:29:45'),(20,87,'2019-12-01 04:53:26');
/*!40000 ALTER TABLE `communities_users` ENABLE KEYS */;
UNLOCK TABLES;

--
-- Table structure for table `friendship`
--

DROP TABLE IF EXISTS `friendship`;
/*!40101 SET @saved_cs_client     = @@character_set_client */;
/*!50503 SET character_set_client = utf8mb4 */;
CREATE TABLE `friendship` (
  `user_id` int unsigned NOT NULL COMMENT 'Ссылка на инициатора дружеских отношений',
  `friend_id` int unsigned NOT NULL COMMENT 'Ссылка на получателя приглашения дружить',
  `status_id` int unsigned NOT NULL COMMENT 'Ссылка на статус (текущее состояние) отношений',
  `requested_at` datetime DEFAULT CURRENT_TIMESTAMP COMMENT 'Время отправления приглашения дружить',
  `confirmed_at` datetime DEFAULT NULL COMMENT 'Время подтверждения приглашения',
  `created_at` datetime DEFAULT CURRENT_TIMESTAMP COMMENT 'Время создания строки',
  `updated_at` datetime DEFAULT CURRENT_TIMESTAMP ON UPDATE CURRENT_TIMESTAMP COMMENT 'Время обновления строки',
  PRIMARY KEY (`user_id`,`friend_id`) COMMENT 'Составной первичный ключ'
) ENGINE=InnoDB DEFAULT CHARSET=utf8 COLLATE=utf8_unicode_ci COMMENT='Таблица дружбы';
/*!40101 SET character_set_client = @saved_cs_client */;

--
-- Dumping data for table `friendship`
--

LOCK TABLES `friendship` WRITE;
/*!40000 ALTER TABLE `friendship` DISABLE KEYS */;
INSERT INTO `friendship` VALUES (1,14,3,'2019-08-05 20:17:36','2019-08-17 14:39:44','2020-03-25 09:27:35','2020-07-28 16:59:55'),(1,79,2,'2019-10-10 13:56:15','2020-03-19 11:36:46','2019-12-16 03:43:35','2020-07-28 16:59:55'),(6,12,3,'2020-06-05 02:18:51','2020-01-04 22:35:49','2020-02-26 20:57:43','2020-07-28 16:59:55'),(6,96,2,'2019-08-17 20:59:16','2019-12-22 20:48:29','2019-07-27 23:59:48','2020-07-28 16:59:55'),(7,22,3,'2019-10-30 00:38:14','2020-05-02 23:25:01','2020-01-22 13:18:37','2020-07-28 16:59:55'),(8,37,1,'2019-12-20 10:47:11','2019-11-13 22:31:37','2020-07-18 23:50:51','2020-07-28 16:59:55'),(9,13,1,'2020-01-31 11:44:06','2020-01-18 16:16:49','2020-03-30 18:01:18','2020-07-28 16:59:55'),(9,67,3,'2019-09-02 00:12:55','2020-06-16 05:43:19','2020-05-12 22:43:34','2020-07-28 16:59:55'),(10,2,1,'2020-03-30 18:07:45','2020-05-18 00:11:03','2020-04-30 10:08:17','2020-07-28 16:59:55'),(10,24,2,'2019-12-25 01:45:58','2020-05-03 23:21:53','2020-01-13 20:10:10','2020-07-28 16:59:55'),(11,33,1,'2019-12-06 17:13:05','2019-11-09 19:47:41','2019-12-08 16:02:07','2020-07-28 16:59:55'),(11,41,3,'2020-03-13 07:32:24','2020-07-15 15:23:08','2020-03-29 07:40:25','2020-07-28 16:59:55'),(11,44,1,'2019-08-17 06:46:16','2019-12-16 16:54:13','2020-05-27 20:19:13','2020-07-28 16:59:55'),(16,22,2,'2020-03-25 13:45:02','2020-06-13 22:55:18','2019-08-08 13:21:08','2020-07-28 16:59:55'),(18,25,3,'2020-02-08 12:43:18','2020-05-20 07:20:56','2020-01-13 04:36:39','2020-07-28 16:59:55'),(20,60,2,'2019-09-01 15:40:39','2020-01-28 20:53:15','2020-01-21 04:47:10','2020-07-28 16:59:55'),(24,25,2,'2020-03-28 01:46:42','2019-10-07 13:46:08','2019-09-18 01:48:48','2020-07-28 16:59:55'),(24,42,2,'2020-03-23 13:15:09','2020-05-08 09:58:48','2020-05-25 03:01:29','2020-07-28 16:59:55'),(24,72,1,'2019-07-23 17:47:44','2020-03-28 16:45:22','2019-10-08 15:56:21','2020-07-28 16:59:55'),(26,31,3,'2020-02-13 21:30:08','2020-04-04 17:24:39','2019-12-16 01:25:02','2020-07-28 16:59:55'),(26,68,3,'2020-01-06 21:37:32','2020-05-01 07:07:36','2019-12-22 02:55:41','2020-07-28 16:59:55'),(27,33,2,'2020-02-04 05:46:49','2020-06-03 05:28:43','2019-10-31 22:58:29','2020-07-28 16:59:55'),(27,85,2,'2020-07-18 04:56:17','2019-09-30 06:19:59','2020-07-20 06:15:38','2020-07-28 16:59:55'),(28,38,3,'2019-09-25 07:08:17','2020-04-16 06:46:13','2020-01-02 14:47:15','2020-07-28 16:59:55'),(28,64,3,'2019-12-07 08:41:47','2020-06-28 20:29:02','2020-05-22 10:35:50','2020-07-28 16:59:55'),(28,78,1,'2020-06-29 04:46:29','2020-02-02 21:25:23','2020-01-19 14:06:32','2020-07-28 16:59:55'),(31,98,2,'2019-09-26 21:31:20','2020-01-21 06:25:04','2020-01-04 08:59:29','2020-07-28 16:59:55'),(32,27,1,'2019-10-06 19:46:03','2019-12-02 02:12:07','2020-01-10 18:59:28','2020-07-28 16:59:55'),(34,25,3,'2020-03-03 02:50:28','2020-01-18 17:54:16','2019-09-09 14:27:39','2020-07-28 16:59:55'),(34,65,2,'2020-06-15 18:41:33','2020-02-01 13:40:47','2020-05-27 04:47:53','2020-07-28 16:59:55'),(34,69,1,'2020-03-06 06:09:21','2019-11-13 13:36:48','2020-04-29 05:20:45','2020-07-28 16:59:55'),(36,43,2,'2020-03-31 16:55:49','2019-09-21 04:24:40','2019-08-18 04:44:39','2020-07-28 16:59:55'),(36,67,3,'2020-07-04 21:40:27','2020-07-04 12:39:54','2020-05-26 03:35:07','2020-07-28 16:59:55'),(36,87,2,'2019-11-22 15:09:43','2019-12-14 08:07:02','2020-04-05 21:16:06','2020-07-28 16:59:55'),(37,4,1,'2019-09-21 14:25:28','2020-04-09 18:45:03','2019-09-30 12:14:57','2020-07-28 16:59:55'),(37,36,1,'2020-05-23 17:52:33','2019-09-01 15:56:18','2019-10-25 09:41:08','2020-07-28 16:59:55'),(37,50,2,'2019-11-10 21:17:09','2019-12-02 20:36:29','2020-07-06 10:43:44','2020-07-28 16:59:55'),(37,71,1,'2020-05-01 21:23:17','2020-03-06 19:39:20','2020-01-16 05:39:27','2020-07-28 16:59:55'),(38,86,3,'2019-08-27 22:06:30','2020-06-20 10:52:43','2019-12-26 09:04:48','2020-07-28 16:59:55'),(40,11,2,'2019-12-07 09:31:26','2020-02-02 16:36:50','2020-07-01 04:06:41','2020-07-28 16:59:55'),(40,17,2,'2019-10-26 21:01:27','2019-11-05 16:37:34','2019-12-07 15:29:48','2020-07-28 16:59:55'),(40,57,1,'2020-02-15 09:51:54','2019-07-30 04:16:08','2020-05-14 08:20:46','2020-07-28 16:59:55'),(40,71,3,'2019-09-11 07:15:36','2020-06-29 03:37:10','2019-09-07 16:49:57','2020-07-28 16:59:55'),(41,12,2,'2019-12-12 21:52:24','2019-09-24 06:40:35','2020-01-11 15:18:22','2020-07-28 16:59:55'),(42,95,2,'2019-12-11 22:18:32','2019-10-05 22:52:07','2020-01-29 05:13:54','2020-07-28 16:59:55'),(43,8,1,'2019-10-27 21:13:02','2019-09-14 00:52:03','2019-08-27 15:11:48','2020-07-28 16:59:55'),(43,40,2,'2020-05-10 15:20:56','2020-06-15 10:05:22','2019-09-23 01:29:41','2020-07-28 16:59:55'),(43,58,3,'2019-10-05 05:24:28','2020-06-26 18:25:00','2019-10-21 19:04:58','2020-07-28 16:59:55'),(43,79,3,'2020-05-05 20:41:57','2019-08-24 06:54:10','2020-04-20 06:38:57','2020-07-28 16:59:55'),(44,58,2,'2019-09-26 08:57:57','2019-12-04 11:12:29','2020-04-26 14:25:54','2020-07-28 16:59:55'),(44,99,3,'2020-04-02 22:47:46','2020-04-12 11:15:06','2019-11-11 14:44:21','2020-07-28 16:59:55'),(47,59,2,'2019-10-05 11:38:12','2020-03-10 21:32:12','2020-01-25 18:25:08','2020-07-28 16:59:55'),(48,61,3,'2020-04-06 09:13:37','2020-03-18 09:17:55','2020-06-18 10:33:35','2020-07-28 16:59:55'),(51,44,2,'2020-01-30 19:26:30','2020-06-02 19:55:36','2019-10-11 21:14:24','2020-07-28 16:59:55'),(52,4,3,'2019-12-05 11:17:24','2020-05-17 16:37:51','2020-01-14 19:58:51','2020-07-28 16:59:55'),(52,72,3,'2020-05-21 01:44:48','2020-01-04 21:43:31','2019-11-17 03:42:58','2020-07-28 16:59:55'),(52,73,2,'2020-02-07 20:53:01','2020-07-14 22:02:53','2020-06-29 16:26:44','2020-07-28 16:59:55'),(52,85,2,'2019-08-01 21:07:28','2019-11-18 06:51:31','2020-02-13 21:35:40','2020-07-28 16:59:55'),(53,41,1,'2020-05-07 05:37:31','2020-04-12 16:40:13','2019-09-30 06:57:37','2020-07-28 16:59:55'),(53,55,2,'2020-02-23 03:23:49','2019-11-23 10:47:44','2019-08-28 20:33:58','2020-07-28 16:59:55'),(57,4,3,'2020-04-07 01:46:42','2020-02-06 07:43:37','2020-02-10 06:59:52','2020-07-28 16:59:55'),(59,1,3,'2019-08-22 01:10:32','2020-03-26 00:34:05','2020-04-13 06:20:12','2020-07-28 16:59:55'),(59,13,3,'2020-05-07 21:56:34','2020-06-06 19:53:53','2020-05-27 11:32:49','2020-07-28 16:59:55'),(59,21,3,'2020-03-27 14:37:52','2020-05-21 17:48:47','2020-02-18 01:27:39','2020-07-28 16:59:55'),(59,92,3,'2019-11-12 07:18:25','2020-01-07 00:24:34','2020-05-04 06:23:09','2020-07-28 16:59:55'),(60,11,1,'2019-08-10 21:46:34','2019-08-07 11:55:53','2020-04-30 21:06:55','2020-07-28 16:59:55'),(60,26,2,'2019-08-25 18:12:04','2020-07-01 22:06:24','2020-06-16 06:29:12','2020-07-28 16:59:55'),(60,64,3,'2020-05-30 00:45:33','2020-03-16 10:12:28','2020-06-17 14:15:29','2020-07-28 16:59:55'),(61,30,2,'2020-03-04 14:48:27','2020-01-08 13:29:46','2019-11-27 21:58:19','2020-07-28 16:59:55'),(61,95,2,'2020-04-20 06:54:39','2020-03-27 22:41:35','2019-10-10 09:28:24','2020-07-28 16:59:55'),(62,8,1,'2020-05-15 02:54:51','2019-08-26 08:01:40','2020-05-25 03:58:45','2020-07-28 16:59:55'),(62,45,2,'2019-11-03 03:14:50','2019-10-05 22:55:11','2019-07-28 06:09:17','2020-07-28 16:59:55'),(62,97,1,'2019-11-01 19:04:49','2020-02-09 06:29:46','2020-04-28 15:23:04','2020-07-28 16:59:55'),(63,83,2,'2020-06-29 05:25:02','2020-03-26 00:51:53','2019-12-24 23:10:57','2020-07-28 16:59:55'),(64,69,2,'2019-11-07 03:06:20','2020-07-02 14:28:32','2020-06-24 17:26:18','2020-07-28 16:59:55'),(66,86,1,'2019-09-23 17:59:48','2020-04-04 11:32:38','2019-12-05 14:14:04','2020-07-28 16:59:55'),(66,92,3,'2020-02-08 08:33:47','2019-07-24 04:02:22','2019-09-16 06:35:03','2020-07-28 16:59:55'),(68,34,3,'2020-04-26 15:56:55','2019-12-02 15:39:48','2020-07-17 17:37:00','2020-07-28 16:59:55'),(68,67,1,'2019-08-07 22:01:33','2020-04-16 04:46:31','2020-05-20 14:33:43','2020-07-28 16:59:55'),(68,68,3,'2019-10-20 09:25:08','2019-10-12 10:04:30','2019-10-26 21:44:02','2020-07-28 16:59:55'),(69,52,1,'2019-11-04 09:11:12','2020-02-25 23:22:43','2019-11-19 21:09:39','2020-07-28 16:59:55'),(70,30,3,'2020-03-02 13:24:57','2019-12-25 22:39:41','2020-06-19 10:15:26','2020-07-28 16:59:55'),(70,42,3,'2020-04-29 16:46:18','2019-12-28 23:27:33','2019-08-06 17:42:12','2020-07-28 16:59:55'),(70,91,1,'2019-11-13 01:44:38','2020-07-20 04:01:49','2019-10-09 23:01:56','2020-07-28 16:59:55'),(72,38,3,'2020-04-04 02:56:11','2019-12-31 18:08:27','2020-06-08 05:16:13','2020-07-28 16:59:55'),(73,48,1,'2020-05-01 06:20:05','2019-08-01 05:53:04','2019-08-14 09:10:56','2020-07-28 16:59:55'),(76,44,1,'2019-11-12 14:28:29','2019-09-06 23:01:18','2019-10-31 03:02:26','2020-07-28 16:59:55'),(77,78,3,'2019-09-01 05:36:43','2019-07-22 08:34:13','2019-07-27 15:23:30','2020-07-28 16:59:55'),(77,92,2,'2020-06-25 12:03:59','2020-03-12 04:01:36','2019-12-24 00:20:05','2020-07-28 16:59:55'),(83,14,1,'2019-08-25 21:19:54','2020-01-05 18:15:45','2019-10-12 02:37:30','2020-07-28 16:59:55'),(83,37,3,'2019-10-30 03:28:16','2019-12-25 23:57:22','2020-02-03 08:52:58','2020-07-28 16:59:55'),(85,62,3,'2020-03-19 00:18:43','2020-03-21 15:09:02','2019-12-26 23:06:32','2020-07-28 16:59:55'),(85,93,3,'2019-12-20 05:38:55','2019-11-19 22:36:52','2020-01-27 21:29:17','2020-07-28 16:59:55'),(88,100,1,'2019-08-18 06:54:12','2019-12-24 13:51:05','2019-08-20 07:11:03','2020-07-28 16:59:55'),(90,12,2,'2019-11-08 10:00:58','2020-01-12 02:06:15','2020-04-09 04:37:34','2020-07-28 16:59:55'),(91,17,1,'2020-04-21 14:44:55','2020-07-09 05:25:18','2020-02-17 17:53:23','2020-07-28 16:59:55'),(91,37,1,'2020-01-24 05:10:51','2019-10-10 01:45:59','2019-11-02 16:45:01','2020-07-28 16:59:55'),(91,69,3,'2020-05-01 02:51:26','2020-02-21 00:15:54','2019-11-24 06:31:47','2020-07-28 16:59:55'),(91,81,3,'2019-08-29 01:01:11','2019-10-09 21:00:04','2020-07-09 06:20:50','2020-07-28 16:59:55'),(96,87,2,'2020-05-04 15:23:12','2020-01-30 12:22:20','2020-06-21 03:34:56','2020-07-28 16:59:55');
/*!40000 ALTER TABLE `friendship` ENABLE KEYS */;
UNLOCK TABLES;

--
-- Table structure for table `friendship_statuses`
--

DROP TABLE IF EXISTS `friendship_statuses`;
/*!40101 SET @saved_cs_client     = @@character_set_client */;
/*!50503 SET character_set_client = utf8mb4 */;
CREATE TABLE `friendship_statuses` (
  `id` int unsigned NOT NULL AUTO_INCREMENT COMMENT 'Идентификатор строки',
  `name` varchar(150) CHARACTER SET utf8 COLLATE utf8_unicode_ci NOT NULL COMMENT 'Название статуса',
  `created_at` datetime DEFAULT CURRENT_TIMESTAMP COMMENT 'Время создания строки',
  `updated_at` datetime DEFAULT CURRENT_TIMESTAMP ON UPDATE CURRENT_TIMESTAMP COMMENT 'Время обновления строки',
  PRIMARY KEY (`id`),
  UNIQUE KEY `name` (`name`)
) ENGINE=InnoDB AUTO_INCREMENT=4 DEFAULT CHARSET=utf8 COLLATE=utf8_unicode_ci COMMENT='Статусы дружбы';
/*!40101 SET character_set_client = @saved_cs_client */;

--
-- Dumping data for table `friendship_statuses`
--

LOCK TABLES `friendship_statuses` WRITE;
/*!40000 ALTER TABLE `friendship_statuses` DISABLE KEYS */;
INSERT INTO `friendship_statuses` VALUES (1,'requested','2020-07-28 16:57:46','2020-07-28 16:57:46'),(2,'confirmed','2020-07-28 16:57:46','2020-07-28 16:57:46'),(3,'rejected','2020-07-28 16:57:46','2020-07-28 16:57:46');
/*!40000 ALTER TABLE `friendship_statuses` ENABLE KEYS */;
UNLOCK TABLES;

--
-- Table structure for table `media`
--

DROP TABLE IF EXISTS `media`;
/*!40101 SET @saved_cs_client     = @@character_set_client */;
/*!50503 SET character_set_client = utf8mb4 */;
CREATE TABLE `media` (
  `id` int unsigned NOT NULL AUTO_INCREMENT COMMENT 'Идентификатор строки',
  `user_id` int unsigned NOT NULL COMMENT 'Ссылка на пользователя, который загрузил файл',
  `filename` varchar(255) CHARACTER SET utf8 COLLATE utf8_unicode_ci NOT NULL COMMENT 'Путь к файлу',
  `size` int NOT NULL COMMENT 'Размер файла',
  `metadata` json DEFAULT NULL,
  `media_type_id` int unsigned NOT NULL COMMENT 'Ссылка на тип контента',
  `created_at` datetime DEFAULT CURRENT_TIMESTAMP COMMENT 'Время создания строки',
  `updated_at` datetime DEFAULT CURRENT_TIMESTAMP ON UPDATE CURRENT_TIMESTAMP COMMENT 'Время обновления строки',
  PRIMARY KEY (`id`),
  CONSTRAINT `media_chk_1` CHECK (json_valid(`metadata`))
) ENGINE=InnoDB AUTO_INCREMENT=101 DEFAULT CHARSET=utf8 COLLATE=utf8_unicode_ci COMMENT='Медиафайлы';
/*!40101 SET character_set_client = @saved_cs_client */;

--
-- Dumping data for table `media`
--

LOCK TABLES `media` WRITE;
/*!40000 ALTER TABLE `media` DISABLE KEYS */;
INSERT INTO `media` VALUES (1,47,'https://dropbox/vk/et.avi',21171,'{\"owner\": \"Linwood Wyman\"}',3,'2019-07-21 04:51:04','2020-07-28 16:42:13'),(2,4,'https://dropbox/vk/amet.jpeg',102922,'{\"owner\": \"Cruz Beahan\"}',1,'2019-08-22 22:39:03','2020-07-28 16:42:13'),(3,80,'https://dropbox/vk/libero.jpeg',5683,'{\"owner\": \"Camila Mertz\"}',2,'2020-02-19 00:31:02','2020-07-28 16:42:13'),(4,85,'https://dropbox/vk/qui.mp3',40929,'{\"owner\": \"Alfred Mosciski\"}',2,'2020-06-28 16:47:22','2020-07-28 16:42:13'),(5,87,'https://dropbox/vk/dolorum.avi',53008029,'{\"owner\": \"Chauncey Hartmann\"}',1,'2019-11-14 04:17:22','2020-07-28 16:42:13'),(6,77,'https://dropbox/vk/vel.avi',569129,'{\"owner\": \"Alexa Marvin\"}',3,'2020-04-26 14:35:12','2020-07-28 16:42:13'),(7,24,'https://dropbox/vk/consectetur.jpeg',41100,'{\"owner\": \"Adaline Bauch\"}',3,'2020-01-05 21:32:37','2020-07-28 16:42:13'),(8,89,'https://dropbox/vk/architecto.png',86733,'{\"owner\": \"Wilfrid Roberts\"}',2,'2019-12-27 14:11:42','2020-07-28 16:42:13'),(9,71,'https://dropbox/vk/non.jpeg',1822844,'{\"owner\": \"Romaine Mertz\"}',1,'2019-08-17 17:03:35','2020-07-28 16:42:13'),(10,88,'https://dropbox/vk/reiciendis.jpeg',100368,'{\"owner\": \"Dion Zulauf\"}',1,'2020-02-06 04:18:41','2020-07-28 16:42:13'),(11,27,'https://dropbox/vk/animi.mp3',31638,'{\"owner\": \"Nickolas Padberg\"}',1,'2020-07-04 06:14:18','2020-07-28 16:42:13'),(12,70,'https://dropbox/vk/repudiandae.jpeg',98444,'{\"owner\": \"Tremaine Moore\"}',1,'2020-02-01 07:53:21','2020-07-28 16:42:13'),(13,68,'https://dropbox/vk/officiis.avi',879504,'{\"owner\": \"Immanuel Tremblay\"}',2,'2019-12-12 22:14:14','2020-07-28 16:42:13'),(14,32,'https://dropbox/vk/veniam.mp3',29236180,'{\"owner\": \"Alda Bradtke\"}',3,'2020-02-02 03:24:36','2020-07-28 16:42:13'),(15,55,'https://dropbox/vk/voluptatem.png',23725,'{\"owner\": \"Deontae Shanahan\"}',1,'2020-03-22 06:16:26','2020-07-28 16:42:13'),(16,76,'https://dropbox/vk/molestias.avi',47088,'{\"owner\": \"Christiana Heathcote\"}',1,'2019-08-02 05:08:00','2020-07-28 16:42:13'),(17,17,'https://dropbox/vk/corrupti.mp3',893518,'{\"owner\": \"Mackenzie Mante\"}',1,'2019-07-27 09:30:13','2020-07-28 16:42:13'),(18,55,'https://dropbox/vk/qui.mp3',8263907,'{\"owner\": \"Deontae Shanahan\"}',2,'2020-07-16 18:25:08','2020-07-28 16:42:13'),(19,26,'https://dropbox/vk/consectetur.jpeg',30528,'{\"owner\": \"Torrance Stamm\"}',2,'2020-01-05 12:18:14','2020-07-28 16:42:13'),(20,61,'https://dropbox/vk/ducimus.avi',4286,'{\"owner\": \"Gwendolyn Homenick\"}',3,'2020-06-15 12:45:53','2020-07-28 16:42:13'),(21,28,'https://dropbox/vk/inventore.avi',101377,'{\"owner\": \"Joana Friesen\"}',3,'2020-04-26 04:49:57','2020-07-28 16:42:13'),(22,56,'https://dropbox/vk/sed.mp3',105300,'{\"owner\": \"Noah Christiansen\"}',3,'2020-01-19 20:21:10','2020-07-28 16:42:13'),(23,94,'https://dropbox/vk/accusamus.png',70599112,'{\"owner\": \"Lane D\'Amore\"}',1,'2020-03-31 07:08:29','2020-07-28 16:42:13'),(24,4,'https://dropbox/vk/voluptas.avi',542729935,'{\"owner\": \"Cruz Beahan\"}',3,'2019-08-17 16:35:34','2020-07-28 16:42:13'),(25,37,'https://dropbox/vk/et.jpeg',12371,'{\"owner\": \"Kaia Conroy\"}',2,'2020-07-03 08:04:21','2020-07-28 16:42:13'),(26,70,'https://dropbox/vk/vero.jpeg',35955,'{\"owner\": \"Tremaine Moore\"}',1,'2019-07-26 17:12:23','2020-07-28 16:42:13'),(27,41,'https://dropbox/vk/voluptatum.avi',32664,'{\"owner\": \"Susan Stanton\"}',1,'2019-08-30 23:47:01','2020-07-28 16:42:13'),(28,93,'https://dropbox/vk/velit.mp3',45452,'{\"owner\": \"Cecelia Hermiston\"}',1,'2020-07-08 08:03:06','2020-07-28 16:42:13'),(29,44,'https://dropbox/vk/autem.mp3',19272,'{\"owner\": \"Brad Larkin\"}',2,'2020-03-12 21:48:16','2020-07-28 16:42:13'),(30,38,'https://dropbox/vk/aut.jpeg',259090,'{\"owner\": \"Petra Hilpert\"}',2,'2019-10-30 00:12:05','2020-07-28 16:42:13'),(31,58,'https://dropbox/vk/omnis.jpeg',50003,'{\"owner\": \"Damion Willms\"}',3,'2020-03-22 12:29:18','2020-07-28 16:42:13'),(32,78,'https://dropbox/vk/commodi.mp3',82198,'{\"owner\": \"Vicente Altenwerth\"}',3,'2019-10-13 10:19:29','2020-07-28 16:42:13'),(33,12,'https://dropbox/vk/distinctio.avi',50983,'{\"owner\": \"Cary Kshlerin\"}',3,'2020-04-27 15:58:41','2020-07-28 16:42:13'),(34,26,'https://dropbox/vk/sint.png',98321,'{\"owner\": \"Torrance Stamm\"}',1,'2019-10-11 06:39:44','2020-07-28 16:42:13'),(35,94,'https://dropbox/vk/et.jpeg',28658,'{\"owner\": \"Lane D\'Amore\"}',2,'2020-01-07 08:18:18','2020-07-28 16:42:13'),(36,90,'https://dropbox/vk/mollitia.png',38326,'{\"owner\": \"Allison Schowalter\"}',3,'2020-03-03 20:35:07','2020-07-28 16:42:13'),(37,68,'https://dropbox/vk/dolorem.avi',94844,'{\"owner\": \"Immanuel Tremblay\"}',2,'2019-07-30 07:41:22','2020-07-28 16:42:13'),(38,68,'https://dropbox/vk/nesciunt.mp3',4802,'{\"owner\": \"Immanuel Tremblay\"}',2,'2019-10-24 18:15:47','2020-07-28 16:42:13'),(39,38,'https://dropbox/vk/voluptates.avi',7208,'{\"owner\": \"Petra Hilpert\"}',3,'2020-05-15 21:14:36','2020-07-28 16:42:13'),(40,84,'https://dropbox/vk/ad.jpeg',95657,'{\"owner\": \"Alexandria Gutmann\"}',3,'2020-03-21 05:24:18','2020-07-28 16:42:13'),(41,6,'https://dropbox/vk/ipsa.jpeg',5179,'{\"owner\": \"Elwin Schowalter\"}',1,'2020-01-08 18:58:08','2020-07-28 16:42:13'),(42,79,'https://dropbox/vk/excepturi.avi',53305,'{\"owner\": \"Charlie Tromp\"}',1,'2019-10-11 09:09:26','2020-07-28 16:42:13'),(43,74,'https://dropbox/vk/quae.png',72294526,'{\"owner\": \"Rosalyn Stoltenberg\"}',3,'2019-09-29 08:34:24','2020-07-28 16:42:13'),(44,35,'https://dropbox/vk/odit.mp3',69558,'{\"owner\": \"Lowell Lind\"}',1,'2020-07-14 23:56:33','2020-07-28 16:42:13'),(45,52,'https://dropbox/vk/aut.avi',128592,'{\"owner\": \"Eleonore Boyle\"}',3,'2019-12-04 23:29:26','2020-07-28 16:42:13'),(46,54,'https://dropbox/vk/et.jpeg',1470,'{\"owner\": \"Patsy Beier\"}',1,'2020-01-16 09:45:55','2020-07-28 16:42:13'),(47,12,'https://dropbox/vk/possimus.jpeg',96893789,'{\"owner\": \"Cary Kshlerin\"}',2,'2020-05-24 11:10:31','2020-07-28 16:42:13'),(48,99,'https://dropbox/vk/libero.png',738626,'{\"owner\": \"Darron Grimes\"}',3,'2019-07-31 16:40:33','2020-07-28 16:42:13'),(49,56,'https://dropbox/vk/explicabo.mp3',467499,'{\"owner\": \"Noah Christiansen\"}',2,'2019-10-17 10:32:39','2020-07-28 16:42:13'),(50,85,'https://dropbox/vk/dolores.jpeg',77874,'{\"owner\": \"Alfred Mosciski\"}',3,'2020-01-30 21:51:44','2020-07-28 16:42:13'),(51,54,'https://dropbox/vk/sit.png',70695,'{\"owner\": \"Patsy Beier\"}',1,'2019-08-15 10:42:27','2020-07-28 16:42:13'),(52,18,'https://dropbox/vk/officia.jpeg',489552,'{\"owner\": \"Liliana Hegmann\"}',3,'2020-04-21 00:24:48','2020-07-28 16:42:13'),(53,24,'https://dropbox/vk/quam.jpeg',250778,'{\"owner\": \"Adaline Bauch\"}',1,'2020-07-12 02:21:41','2020-07-28 16:42:13'),(54,66,'https://dropbox/vk/voluptate.avi',109857,'{\"owner\": \"General Stracke\"}',1,'2019-10-12 13:04:05','2020-07-28 16:42:13'),(55,60,'https://dropbox/vk/quia.mp3',49376,'{\"owner\": \"Wilford Morar\"}',1,'2020-06-10 18:34:29','2020-07-28 16:42:13'),(56,100,'https://dropbox/vk/occaecati.mp3',27198,'{\"owner\": \"Owen Osinski\"}',3,'2020-07-17 15:37:09','2020-07-28 16:42:13'),(57,20,'https://dropbox/vk/nesciunt.avi',96420,'{\"owner\": \"Bella Brakus\"}',1,'2020-06-29 21:36:53','2020-07-28 16:42:13'),(58,1,'https://dropbox/vk/et.jpeg',90508,'{\"owner\": \"Jane Lakin\"}',1,'2020-07-15 08:53:31','2020-07-28 16:42:13'),(59,45,'https://dropbox/vk/non.avi',56710,'{\"owner\": \"Courtney Rippin\"}',2,'2019-08-09 15:07:29','2020-07-28 16:42:13'),(60,19,'https://dropbox/vk/iusto.avi',91642265,'{\"owner\": \"Avery Mosciski\"}',3,'2019-08-28 22:08:13','2020-07-28 16:42:13'),(61,58,'https://dropbox/vk/modi.avi',53281,'{\"owner\": \"Damion Willms\"}',1,'2019-11-10 22:04:17','2020-07-28 16:42:13'),(62,36,'https://dropbox/vk/dicta.avi',28736,'{\"owner\": \"Maynard Mayer\"}',3,'2020-03-18 06:15:56','2020-07-28 16:42:13'),(63,5,'https://dropbox/vk/fugiat.png',84879,'{\"owner\": \"Cordelia Keeling\"}',2,'2019-07-24 19:23:06','2020-07-28 16:42:13'),(64,15,'https://dropbox/vk/aut.png',54552,'{\"owner\": \"Rosella Jast\"}',3,'2020-02-26 11:18:28','2020-07-28 16:42:13'),(65,59,'https://dropbox/vk/consequuntur.jpeg',108126,'{\"owner\": \"Leonardo Herzog\"}',2,'2020-05-08 04:17:33','2020-07-28 16:42:13'),(66,48,'https://dropbox/vk/dolor.avi',66972,'{\"owner\": \"Sid Dickinson\"}',3,'2019-08-08 15:41:56','2020-07-28 16:42:13'),(67,66,'https://dropbox/vk/culpa.avi',54669820,'{\"owner\": \"General Stracke\"}',3,'2020-07-02 03:49:10','2020-07-28 16:42:13'),(68,83,'https://dropbox/vk/consequuntur.png',99179,'{\"owner\": \"Romaine Aufderhar\"}',1,'2020-05-07 01:47:59','2020-07-28 16:42:13'),(69,15,'https://dropbox/vk/deserunt.mp3',100484,'{\"owner\": \"Rosella Jast\"}',3,'2020-01-12 13:32:27','2020-07-28 16:42:13'),(70,28,'https://dropbox/vk/aut.png',91506,'{\"owner\": \"Joana Friesen\"}',1,'2019-11-01 15:55:58','2020-07-28 16:42:13'),(71,95,'https://dropbox/vk/saepe.jpeg',48232,'{\"owner\": \"Nayeli Roberts\"}',2,'2020-05-06 18:25:58','2020-07-28 16:42:13'),(72,88,'https://dropbox/vk/optio.avi',7531934,'{\"owner\": \"Dion Zulauf\"}',2,'2020-06-07 19:58:56','2020-07-28 16:42:13'),(73,58,'https://dropbox/vk/quo.jpeg',1716663,'{\"owner\": \"Damion Willms\"}',3,'2020-06-24 12:02:34','2020-07-28 16:42:13'),(74,22,'https://dropbox/vk/perferendis.png',48227,'{\"owner\": \"Florine Lang\"}',2,'2020-02-02 23:39:02','2020-07-28 16:42:13'),(75,39,'https://dropbox/vk/qui.avi',46077,'{\"owner\": \"Alisa Hagenes\"}',2,'2020-05-22 10:37:16','2020-07-28 16:42:13'),(76,26,'https://dropbox/vk/et.avi',45869,'{\"owner\": \"Torrance Stamm\"}',1,'2019-11-22 05:12:15','2020-07-28 16:42:13'),(77,15,'https://dropbox/vk/adipisci.jpeg',844081,'{\"owner\": \"Rosella Jast\"}',3,'2020-02-24 09:46:37','2020-07-28 16:42:13'),(78,94,'https://dropbox/vk/harum.avi',92085060,'{\"owner\": \"Lane D\'Amore\"}',3,'2019-10-13 18:50:32','2020-07-28 16:42:13'),(79,25,'https://dropbox/vk/sit.mp3',98847104,'{\"owner\": \"Sadye Dietrich\"}',2,'2020-06-14 21:22:17','2020-07-28 16:42:13'),(80,41,'https://dropbox/vk/autem.mp3',81114,'{\"owner\": \"Susan Stanton\"}',2,'2019-09-04 03:11:33','2020-07-28 16:42:13'),(81,30,'https://dropbox/vk/aut.avi',1363506,'{\"owner\": \"Micah Turcotte\"}',3,'2019-07-24 19:10:34','2020-07-28 16:42:13'),(82,29,'https://dropbox/vk/consequuntur.png',877546,'{\"owner\": \"Cassandra Stamm\"}',1,'2020-06-23 12:17:38','2020-07-28 16:42:13'),(83,52,'https://dropbox/vk/facilis.png',57963,'{\"owner\": \"Eleonore Boyle\"}',1,'2019-11-07 05:49:37','2020-07-28 16:42:13'),(84,72,'https://dropbox/vk/cupiditate.mp3',770229,'{\"owner\": \"Kiel Ziemann\"}',2,'2020-04-23 10:15:06','2020-07-28 16:42:13'),(85,4,'https://dropbox/vk/quaerat.avi',36473,'{\"owner\": \"Cruz Beahan\"}',3,'2020-05-22 20:24:17','2020-07-28 16:42:13'),(86,3,'https://dropbox/vk/rerum.avi',652401521,'{\"owner\": \"Buford Ondricka\"}',3,'2020-05-01 13:31:43','2020-07-28 16:42:13'),(87,5,'https://dropbox/vk/pariatur.png',98479,'{\"owner\": \"Cordelia Keeling\"}',3,'2020-01-30 18:44:32','2020-07-28 16:42:13'),(88,15,'https://dropbox/vk/exercitationem.mp3',72973,'{\"owner\": \"Rosella Jast\"}',1,'2020-03-30 12:04:20','2020-07-28 16:42:13'),(89,58,'https://dropbox/vk/incidunt.png',7186,'{\"owner\": \"Damion Willms\"}',2,'2019-11-25 14:45:51','2020-07-28 16:42:13'),(90,44,'https://dropbox/vk/vel.mp3',2586021,'{\"owner\": \"Brad Larkin\"}',1,'2020-05-23 13:04:46','2020-07-28 16:42:13'),(91,46,'https://dropbox/vk/assumenda.png',59430,'{\"owner\": \"Francisco Lakin\"}',2,'2020-02-20 07:23:21','2020-07-28 16:42:13'),(92,96,'https://dropbox/vk/ut.mp3',9316582,'{\"owner\": \"Eldora Nikolaus\"}',3,'2020-02-08 10:57:32','2020-07-28 16:42:13'),(93,41,'https://dropbox/vk/a.jpeg',973638,'{\"owner\": \"Susan Stanton\"}',2,'2020-01-25 07:50:49','2020-07-28 16:42:13'),(94,19,'https://dropbox/vk/iure.mp3',78382727,'{\"owner\": \"Avery Mosciski\"}',1,'2020-05-05 16:51:00','2020-07-28 16:42:13'),(95,72,'https://dropbox/vk/accusantium.mp3',3782506,'{\"owner\": \"Kiel Ziemann\"}',3,'2020-01-10 08:35:23','2020-07-28 16:42:13'),(96,3,'https://dropbox/vk/inventore.avi',3979,'{\"owner\": \"Buford Ondricka\"}',1,'2019-11-10 10:45:07','2020-07-28 16:42:13'),(97,99,'https://dropbox/vk/assumenda.png',10508603,'{\"owner\": \"Darron Grimes\"}',3,'2019-10-28 09:14:24','2020-07-28 16:42:13'),(98,83,'https://dropbox/vk/nesciunt.mp3',79359052,'{\"owner\": \"Romaine Aufderhar\"}',3,'2020-05-27 04:31:39','2020-07-28 16:42:13'),(99,17,'https://dropbox/vk/hic.png',68233,'{\"owner\": \"Mackenzie Mante\"}',3,'2020-06-11 13:33:02','2020-07-28 16:42:13'),(100,36,'https://dropbox/vk/itaque.avi',96415977,'{\"owner\": \"Maynard Mayer\"}',1,'2020-05-18 11:04:08','2020-07-28 16:42:13');
/*!40000 ALTER TABLE `media` ENABLE KEYS */;
UNLOCK TABLES;

--
-- Table structure for table `media_types`
--

DROP TABLE IF EXISTS `media_types`;
/*!40101 SET @saved_cs_client     = @@character_set_client */;
/*!50503 SET character_set_client = utf8mb4 */;
CREATE TABLE `media_types` (
  `id` int unsigned NOT NULL AUTO_INCREMENT COMMENT 'Идентификатор строки',
  `name` varchar(255) CHARACTER SET utf8 COLLATE utf8_unicode_ci NOT NULL COMMENT 'Название типа',
  `created_at` datetime DEFAULT CURRENT_TIMESTAMP COMMENT 'Время создания строки',
  `updated_at` datetime DEFAULT CURRENT_TIMESTAMP ON UPDATE CURRENT_TIMESTAMP COMMENT 'Время обновления строки',
  PRIMARY KEY (`id`),
  UNIQUE KEY `name` (`name`)
) ENGINE=InnoDB AUTO_INCREMENT=4 DEFAULT CHARSET=utf8 COLLATE=utf8_unicode_ci COMMENT='Типы медиафайлов';
/*!40101 SET character_set_client = @saved_cs_client */;

--
-- Dumping data for table `media_types`
--

LOCK TABLES `media_types` WRITE;
/*!40000 ALTER TABLE `media_types` DISABLE KEYS */;
INSERT INTO `media_types` VALUES (1,'foto','2020-07-28 15:30:01','2020-07-28 15:30:01'),(2,'video','2020-07-28 15:30:01','2020-07-28 15:30:01'),(3,'audio','2020-07-28 15:30:01','2020-07-28 15:30:01');
/*!40000 ALTER TABLE `media_types` ENABLE KEYS */;
UNLOCK TABLES;

--
-- Table structure for table `messages`
--

DROP TABLE IF EXISTS `messages`;
/*!40101 SET @saved_cs_client     = @@character_set_client */;
/*!50503 SET character_set_client = utf8mb4 */;
CREATE TABLE `messages` (
  `id` int unsigned NOT NULL AUTO_INCREMENT COMMENT 'Идентификатор строки',
  `from_user_id` int unsigned NOT NULL COMMENT 'Ссылка на отправителя сообщения',
  `to_user_id` int unsigned NOT NULL COMMENT 'Ссылка на получателя сообщения',
  `body` text CHARACTER SET utf8 COLLATE utf8_unicode_ci NOT NULL COMMENT 'Текст сообщения',
  `is_important` tinyint(1) DEFAULT NULL COMMENT 'Признак важности',
  `is_delivered` tinyint(1) DEFAULT NULL COMMENT 'Признак доставки',
  `created_at` datetime DEFAULT CURRENT_TIMESTAMP COMMENT 'Время создания строки',
  `updated_at` datetime DEFAULT CURRENT_TIMESTAMP ON UPDATE CURRENT_TIMESTAMP COMMENT 'Время обновления строки',
  PRIMARY KEY (`id`)
) ENGINE=InnoDB AUTO_INCREMENT=101 DEFAULT CHARSET=utf8 COLLATE=utf8_unicode_ci COMMENT='Сообщения';
/*!40101 SET character_set_client = @saved_cs_client */;

--
-- Dumping data for table `messages`
--

LOCK TABLES `messages` WRITE;
/*!40000 ALTER TABLE `messages` DISABLE KEYS */;
INSERT INTO `messages` VALUES (1,1,56,'Vel aliquam itaque sequi ut qui. Ut quia omnis libero aut illo iste sit omnis. In quis et labore ut.',1,2,'2019-08-18 12:05:42','2020-07-28 14:48:24'),(2,4,46,'Fuga alias aliquam ullam voluptate est. Amet quibusdam consequatur iste similique nisi. Consequatur quibusdam officiis nam vel rerum.',2,1,'2020-01-07 13:52:20','2020-07-28 14:48:24'),(3,15,64,'Distinctio quisquam adipisci exercitationem nihil quam. Explicabo explicabo porro nam eos eligendi. Asperiores impedit eius nemo debitis. Quibusdam neque corporis consequatur id quod.',1,1,'2019-09-23 17:51:57','2020-07-28 14:48:24'),(4,66,82,'Vero sapiente quos et quas iure. Quia voluptatem et ut ut. Alias deserunt tempore ut.',1,1,'2020-05-10 07:24:27','2020-07-28 14:48:24'),(5,81,18,'Voluptate omnis totam aspernatur alias porro commodi fugiat omnis. Nemo quo iste vero. Dolor in suscipit voluptatibus aut magnam. Porro voluptatem minus exercitationem et.',1,1,'2020-01-09 02:33:47','2020-07-28 14:48:24'),(6,9,41,'Voluptatem occaecati qui voluptatibus dolorem. Est corrupti aliquid non. Sequi distinctio esse aut commodi est rerum molestiae. Est aut vero ipsam ex sed quo id.',2,2,'2020-01-27 16:48:55','2020-07-28 14:48:24'),(7,3,52,'Accusamus ut quis dolorem ipsum earum commodi soluta cum. Dolor eligendi ut atque placeat dolor natus corporis sapiente. Dignissimos at error quidem molestiae libero.',2,2,'2019-08-28 16:54:26','2020-07-28 14:48:24'),(8,84,36,'Est rerum molestiae qui eius. Doloribus sint necessitatibus et qui sit qui iste. Asperiores ipsam repudiandae est sunt ipsum. Saepe a alias sint aspernatur tenetur cum voluptatem.',1,1,'2020-02-14 17:29:48','2020-07-28 14:48:24'),(9,12,25,'Incidunt natus a consequatur natus qui ut velit. Eum sunt vel quibusdam alias aut aut minus. Nisi id voluptatem nobis reprehenderit temporibus aut et consectetur.',2,2,'2019-09-15 15:25:54','2020-07-28 14:48:24'),(10,9,17,'Rerum rem dolor assumenda qui quisquam quae. Dolorem illo ea delectus. Aut rerum odit iusto quia.',2,1,'2020-03-12 05:39:26','2020-07-28 14:48:24'),(11,9,11,'Laborum porro sit blanditiis molestiae. Rerum voluptatem eaque voluptate molestiae itaque architecto fugit sit. Est nemo excepturi unde aspernatur ea animi ut. Qui nihil nisi voluptatibus officia.',2,1,'2020-02-27 12:19:23','2020-07-28 14:48:24'),(12,18,100,'Velit ut recusandae minus vel eius ex ut. Aperiam iusto expedita atque et consequatur. Rerum facere temporibus adipisci sapiente quidem.',2,1,'2019-08-09 10:54:32','2020-07-28 14:48:24'),(13,61,68,'Itaque saepe autem illo veniam mollitia nam. Ut et veniam nisi. At officiis necessitatibus doloribus eligendi rerum. Tenetur possimus non ex voluptates odit magnam ab.',2,2,'2019-09-10 16:17:13','2020-07-28 14:48:24'),(14,50,38,'Incidunt nihil sit nobis aliquid. Qui quia neque similique quibusdam. Magnam quis fugit voluptates voluptatibus.',1,1,'2019-11-10 22:46:04','2020-07-28 14:48:24'),(15,68,84,'Aut voluptas sed tenetur voluptas repellat. Tenetur eos doloribus quod numquam qui nam et. Mollitia id natus consequatur exercitationem rerum.',2,2,'2020-04-25 14:28:03','2020-07-28 14:48:24'),(16,87,9,'Aut et odit illo nesciunt cupiditate vero. Ipsum reiciendis ad officia ducimus.',1,2,'2020-03-04 09:59:00','2020-07-28 14:48:24'),(17,33,91,'In minus repudiandae et voluptas eius distinctio ea. Et est voluptatibus rerum. Quis minus qui quo. Doloremque sint et ipsa sequi id neque.',1,1,'2019-09-29 17:44:33','2020-07-28 14:48:24'),(18,3,29,'Voluptas eum dolorem consequatur. Ex rem quibusdam maxime facere sit blanditiis. Sint sunt rerum est consequatur repudiandae illum et. Delectus similique eaque iure in ullam aliquid.',2,1,'2019-10-08 12:40:17','2020-07-28 14:48:24'),(19,16,71,'Excepturi magni quo facere molestiae accusamus aut. Adipisci autem occaecati aut eos. Quis atque animi omnis quo reiciendis qui.\nDucimus dolores quam hic modi recusandae. Nam omnis autem nesciunt.',1,2,'2020-04-01 13:46:45','2020-07-28 14:48:24'),(20,69,66,'Et est officiis doloremque nesciunt qui sed dolore. Laudantium praesentium alias corporis.',1,1,'2020-07-10 14:17:37','2020-07-28 14:48:24'),(21,98,17,'Temporibus nam ea animi molestiae possimus. Qui quod sed quisquam. Est in dignissimos nulla. Aliquid adipisci sint et aliquid alias.',1,2,'2020-01-30 19:32:31','2020-07-28 14:48:24'),(22,83,87,'Hic est laborum nesciunt. Tempore odio architecto aliquid esse et. Vero reprehenderit quis deserunt labore voluptas.',2,1,'2020-01-23 13:40:48','2020-07-28 14:48:24'),(23,21,84,'Consectetur dolor quis quam odio. Sunt neque officia eum ea voluptatum perspiciatis eos. Est nemo saepe sapiente est corrupti ipsam. Labore adipisci illum quisquam soluta modi quibusdam maiores.',1,1,'2020-01-26 04:31:37','2020-07-28 14:48:24'),(24,55,57,'Quae ut consequatur voluptates atque. Nobis eos id ab accusamus. Optio modi deleniti voluptas. Possimus adipisci autem nesciunt id nam sit.',2,1,'2019-08-10 06:38:57','2020-07-28 14:48:24'),(25,9,34,'Ratione voluptatem omnis a magni quas. Facilis provident quia corporis molestiae. Distinctio magni expedita et sapiente recusandae voluptates earum. Consectetur ea voluptas hic nesciunt.',1,2,'2019-12-03 12:34:54','2020-07-28 14:48:24'),(26,82,99,'Iure deserunt ut aut dolorem. Magnam labore porro omnis nesciunt ut alias odio. Ut voluptatem dolor doloribus laborum temporibus est natus.',2,1,'2019-10-14 02:00:32','2020-07-28 14:48:24'),(27,83,90,'Quia sit labore corporis aut praesentium adipisci. Inventore amet harum voluptas ut soluta soluta.\nEt aliquid recusandae veniam autem. Et veritatis aut nihil ea. Et sit quam est nostrum incidunt.',2,2,'2019-09-25 19:00:13','2020-07-28 14:48:24'),(28,68,53,'Non molestias eos ut. Beatae dolores itaque quia iusto in ab modi. Rerum architecto est nisi non. Qui quam modi aliquid non.',1,1,'2019-08-17 23:27:30','2020-07-28 14:48:24'),(29,90,95,'Qui soluta ea iste unde voluptatum provident. Nihil quam voluptatem eum. Et repellendus voluptatem ea nisi ipsam laborum. Eos aliquid sint voluptatem aut.',1,2,'2019-10-15 15:19:27','2020-07-28 14:48:24'),(30,46,17,'Et amet aliquam veniam nisi. Earum quasi et quia velit omnis. Excepturi qui est reiciendis veritatis cupiditate sapiente. Velit consequatur accusamus nam.',2,2,'2019-09-03 06:21:42','2020-07-28 14:48:24'),(31,60,100,'Nam et assumenda quibusdam. Vitae reiciendis molestiae et amet expedita et quos. Harum sed dolorem dolorum recusandae esse rerum.',2,1,'2020-04-12 07:04:30','2020-07-28 14:48:24'),(32,60,48,'Qui debitis ex temporibus fugit ut qui in. Sunt adipisci aliquid sit et excepturi suscipit qui. Magni praesentium sint modi aliquid. Aut fugit non necessitatibus voluptatem possimus totam.',1,2,'2019-08-30 21:47:41','2020-07-28 14:48:24'),(33,20,38,'Nam praesentium sed deserunt. Et deserunt itaque veniam libero. Recusandae dolorem vitae voluptas recusandae quam. Tenetur sed dolor ut quas veniam facilis soluta.',1,1,'2020-01-21 23:27:04','2020-07-28 14:48:24'),(34,18,46,'Quo culpa maiores aut aliquam ab libero. Non sit et dolor dolores. Dignissimos non consequatur praesentium nemo velit.',1,2,'2020-02-13 19:00:33','2020-07-28 14:48:24'),(35,30,18,'Qui sit distinctio qui omnis harum est tempore. Consectetur excepturi sunt quo officiis magnam. Nam ut laborum voluptatem molestias est id nobis.',2,2,'2019-12-29 20:17:54','2020-07-28 14:48:24'),(36,97,49,'Ipsum nihil ducimus repellendus nihil hic. Nam non in veniam eum quo fuga. Animi quod atque officiis et id vitae quo. Veniam ut et et nisi.',2,2,'2019-07-30 07:43:17','2020-07-28 14:48:24'),(37,95,89,'Et eius enim cum minima nulla quae sed dolorem. Non ipsum ipsa voluptatem alias. Fugit voluptas est ut ea reprehenderit sed. At et numquam omnis temporibus non ducimus modi.',1,2,'2020-02-17 01:10:22','2020-07-28 14:48:24'),(38,81,99,'Iste facere illo est quia incidunt magnam fugiat quia. Eos rerum enim qui necessitatibus vitae harum in tenetur. Eligendi adipisci aperiam debitis at. Sit dignissimos veniam quam repellat harum.',2,1,'2020-06-25 17:03:07','2020-07-28 14:48:24'),(39,19,27,'Odit ut consequatur quia aut. Quod velit ut omnis repellendus voluptatibus autem sunt. Et consectetur dolores est eum. Rerum totam ea assumenda ipsa et fugit. Eligendi aliquam esse et et ut aut.',2,1,'2019-10-04 22:38:49','2020-07-28 14:48:24'),(40,52,37,'Optio ratione adipisci iusto eveniet laboriosam perferendis ducimus. Magnam fuga cum velit est et. Omnis optio veniam animi expedita sed ab. Deleniti modi earum aut et.',1,1,'2020-05-29 20:09:27','2020-07-28 14:48:24'),(41,4,5,'Aliquam commodi autem incidunt dolor id magnam. Ut qui placeat blanditiis nobis voluptatem voluptatibus officiis. Enim itaque qui quia exercitationem.',2,2,'2020-04-18 23:39:09','2020-07-28 14:48:24'),(42,62,12,'Sed nemo qui aut officiis eum. Mollitia nostrum aut sit. Fugiat enim nobis aut sint. Nulla occaecati blanditiis quae doloribus cum.',1,2,'2020-05-06 11:19:54','2020-07-28 14:48:24'),(43,98,44,'Et nemo ut aut sit dolores suscipit. Facere numquam rerum officia facere quis earum. Consequatur voluptate nesciunt aut impedit non et voluptatem.',2,2,'2020-06-27 04:33:38','2020-07-28 14:48:24'),(44,3,84,'Et ratione quis autem vel in iste sequi. Nulla voluptatum sapiente quibusdam consequatur aspernatur autem. Numquam harum quia earum ut explicabo.',1,2,'2020-04-11 23:36:54','2020-07-28 14:48:24'),(45,19,88,'Magnam perferendis similique illo natus temporibus consequuntur. Ut ea ullam praesentium sed. Id qui alias occaecati mollitia autem quis. Nihil illo quia aperiam.',1,2,'2019-12-14 09:14:02','2020-07-28 14:48:24'),(46,88,88,'Qui est sint fuga adipisci. Sapiente reprehenderit fuga occaecati rerum nulla commodi. Natus odio quia cupiditate iure dolor.',1,2,'2020-05-04 20:06:35','2020-07-28 14:48:24'),(47,81,75,'Vero culpa modi sed maiores cum enim. Commodi molestias facilis quaerat veniam. Nihil cupiditate aspernatur sit a. Dignissimos quia minus quisquam accusantium.',1,2,'2019-11-15 15:50:56','2020-07-28 14:48:24'),(48,40,10,'Eius explicabo architecto ab eveniet aut architecto. Officia quia quas nemo qui neque rem dicta non. Facilis et fuga corrupti culpa qui non exercitationem id. Impedit aut officia incidunt enim.',1,2,'2019-12-05 14:51:51','2020-07-28 14:48:24'),(49,57,25,'Ut et libero quis animi quae et. Sed necessitatibus nesciunt et nemo. Illo id aut vel et.\nRerum ipsam saepe rem vitae. Temporibus expedita quis optio itaque qui quis. Eum fugit omnis sit.',1,2,'2020-05-07 10:20:16','2020-07-28 14:48:24'),(50,63,94,'Minima incidunt aut delectus vel fugit ex. Incidunt sunt sed dolore natus. Omnis cumque qui est accusantium dolor enim. Veniam non tempora optio esse veritatis natus perspiciatis asperiores.',2,2,'2020-01-13 15:14:32','2020-07-28 14:48:24'),(51,43,97,'Consequatur illum voluptas expedita aut. Illo recusandae omnis et aspernatur ut cum. Earum et quia iste quod ex quas.\nVel ab odit ipsum non. Quos qui quis deleniti accusantium amet velit.',2,1,'2020-02-08 22:57:06','2020-07-28 14:48:24'),(52,26,99,'Laboriosam aut in consectetur deleniti ut quis omnis. Consequatur eveniet omnis accusantium modi consequuntur id. Explicabo eligendi aperiam quidem dolorum ut aut sint.',1,2,'2019-09-20 01:06:32','2020-07-28 14:48:24'),(53,100,4,'Nemo itaque et molestiae et sed. Alias labore et tenetur laudantium dolores nisi quibusdam.',1,2,'2019-12-15 01:43:16','2020-07-28 14:48:24'),(54,24,25,'Alias sapiente est aut optio quaerat debitis. Et aliquam delectus natus eum.',2,2,'2020-03-23 18:08:22','2020-07-28 14:48:24'),(55,18,11,'Ad porro dolor ipsum nostrum rerum sequi. Eos iste explicabo assumenda doloribus velit consequatur eligendi. Et consectetur est vel.',1,1,'2019-09-09 22:00:07','2020-07-28 14:48:24'),(56,16,80,'Et nesciunt odit quis perferendis. Consectetur minus quibusdam temporibus earum quis eius. Similique iste magnam est qui similique. Qui eaque minus reprehenderit quas veniam eum totam.',1,1,'2020-01-13 16:17:50','2020-07-28 14:48:24'),(57,28,65,'Eum dolor aut possimus consequatur. Suscipit repudiandae delectus nam molestiae ut. Aperiam quia et consectetur pariatur vero quia. Ea at consectetur quis id porro.',2,2,'2020-07-06 20:02:24','2020-07-28 14:48:24'),(58,90,85,'Odit sequi minima tempora atque. Numquam at sed enim quia aut. Quaerat vitae dolorem ratione consequatur quaerat sunt. Commodi eaque aut voluptas ad deleniti.',2,2,'2020-06-14 19:38:25','2020-07-28 14:48:24'),(59,66,31,'Ea sapiente nulla ut doloribus. Et at nulla harum quaerat quo iure. Non est mollitia commodi officia aut.',2,2,'2020-05-01 10:28:15','2020-07-28 14:48:24'),(60,61,97,'Aut reprehenderit qui accusamus libero temporibus maiores nisi. Nam molestiae blanditiis architecto voluptas vel. In voluptatem quis dolor voluptatem et. Maiores rerum eveniet eos et.',1,2,'2020-06-16 00:26:19','2020-07-28 14:48:24'),(61,3,95,'Consequatur fuga vel libero vero consequatur accusantium. Aut tempora iure dolor est quae ab. Temporibus labore voluptatem ut quia. Esse nihil minima omnis consectetur aliquid omnis.',2,1,'2020-01-19 12:25:22','2020-07-28 14:48:24'),(62,34,80,'Facilis quisquam facilis consequatur aspernatur molestias eius nesciunt. Et sint tempore tenetur ipsam quo. Vel iure consectetur suscipit sit quibusdam impedit.',1,2,'2019-08-13 06:53:24','2020-07-28 14:48:24'),(63,61,16,'Dolores aliquam nam praesentium aut aperiam voluptas suscipit. Eius sunt sint delectus expedita omnis fugiat accusantium. Ut debitis asperiores voluptatem sit.',1,2,'2019-10-07 08:52:21','2020-07-28 14:48:24'),(64,3,40,'In ut quis qui perspiciatis ad aliquid. Officia eius iure sit deleniti ratione asperiores tempora neque. Explicabo quo quia debitis pariatur.',2,2,'2020-06-26 13:40:38','2020-07-28 14:48:24'),(65,31,51,'Quia quod porro laborum quae eligendi. Ducimus est ratione temporibus porro iusto illo dignissimos. Consequatur nisi suscipit eum unde vel. Dolor rerum voluptatem aut illum autem dignissimos.',2,1,'2020-06-02 15:38:08','2020-07-28 14:48:24'),(66,45,34,'Hic mollitia quos hic expedita rem. Consequatur autem ut quis similique optio neque assumenda. Soluta possimus dolorem atque dolor. Deleniti aut qui sapiente velit voluptas ipsam voluptatem.',2,1,'2019-08-11 01:24:48','2020-07-28 14:48:24'),(67,31,19,'Nemo ipsam explicabo ea distinctio rem ratione nihil. Quo officiis alias laudantium aperiam vel aspernatur. Quia et quia adipisci.',1,2,'2020-02-09 20:29:13','2020-07-28 14:48:24'),(68,21,91,'Veritatis placeat dolores dolor aut. Necessitatibus ut ut consequatur vel. Ut est reprehenderit consectetur quod et mollitia in.',2,2,'2019-09-15 05:41:03','2020-07-28 14:48:24'),(69,12,97,'Cum et autem autem voluptatum. Aperiam earum fugit assumenda consequatur eligendi. Architecto quidem enim quam atque accusantium aut labore.',2,1,'2019-09-16 14:27:01','2020-07-28 14:48:24'),(70,95,10,'Odio officiis rem ratione beatae omnis doloremque. Incidunt hic quo quo nihil rerum ut fugiat.',2,1,'2019-11-29 03:03:12','2020-07-28 14:48:24'),(71,39,59,'Dolore architecto similique eaque similique ullam omnis beatae. Est neque dolores earum id dolorem. Animi totam vel eum laudantium dolorem dignissimos.',2,1,'2020-06-30 11:45:30','2020-07-28 14:48:24'),(72,8,64,'Voluptas ipsum eum neque et aut. Quaerat error ut consequatur qui repellendus. Impedit blanditiis ipsa dolore quasi.',2,2,'2019-08-10 10:46:12','2020-07-28 14:48:24'),(73,22,42,'Ullam quia est adipisci ab aut repellendus. Porro impedit hic ducimus voluptate ratione atque. Quasi ipsa nostrum quia ad doloribus ut quo.',2,1,'2019-12-07 02:54:41','2020-07-28 14:48:24'),(74,86,20,'Provident ut qui sed voluptatum sint temporibus voluptas. Voluptates qui veritatis provident nobis. Culpa sunt molestias quis non voluptas numquam.',2,1,'2020-03-30 07:11:15','2020-07-28 14:48:24'),(75,62,74,'Omnis placeat aut voluptatibus porro nihil. In velit cum impedit quo. Enim qui consectetur autem sed error ipsum.',2,1,'2020-05-14 16:06:57','2020-07-28 14:48:24'),(76,54,9,'Consequatur cupiditate corrupti amet esse et. Fugiat blanditiis magnam ut aut cupiditate sed velit.',2,1,'2020-04-20 18:47:20','2020-07-28 14:48:24'),(77,83,24,'Nemo nesciunt qui minima voluptate quasi nihil consequuntur. At deserunt velit ex facilis illo delectus explicabo. Et ut ullam velit aut est qui qui.',1,1,'2020-01-12 07:24:47','2020-07-28 14:48:24'),(78,51,91,'Qui et qui inventore sed iste quod. Voluptas vel reiciendis accusantium consequatur quia omnis. Et quas ducimus et eos.',2,2,'2019-11-06 03:47:47','2020-07-28 14:48:24'),(79,5,81,'Sunt autem natus rem est. Officia aspernatur vel qui odio ut et non voluptatem. Officiis sed autem ut sint.',2,1,'2020-01-19 23:52:36','2020-07-28 14:48:24'),(80,70,31,'Saepe rem pariatur quibusdam libero molestiae quas esse dolorem. Aut officiis maxime sed quos quaerat. Ipsam eum id vel.',1,1,'2020-02-19 02:53:10','2020-07-28 14:48:24'),(81,38,12,'Dolorem aliquam quaerat nam voluptatem. Rem natus ipsa qui et. Aspernatur eum ratione non qui nihil quia ad. Cupiditate quia id tenetur facilis ea at. Explicabo ea quia aut facere.',2,2,'2020-04-26 11:49:35','2020-07-28 14:48:24'),(82,78,69,'Fugit occaecati aliquam atque neque eligendi quidem. Praesentium tempore enim soluta enim voluptas. Rerum quasi unde vel esse totam aut. Est excepturi possimus officia.',2,2,'2019-07-21 02:11:01','2020-07-28 14:48:24'),(83,75,6,'Est sint velit ut. Voluptates ut quia aut et animi aut commodi. Velit sed et odit amet. Et distinctio optio voluptates modi voluptatum vel.',1,2,'2020-05-18 17:43:24','2020-07-28 14:48:24'),(84,41,24,'Quia aliquam doloribus asperiores corporis dolorem. Doloremque itaque ad voluptatum quis quod est quas. Ab velit ex consequatur illum. Dolor est aut ut corporis dolor.',2,1,'2019-12-02 11:43:05','2020-07-28 14:48:24'),(85,81,3,'Ut voluptas nobis iusto et. Culpa culpa perferendis quis deleniti qui. Illum sapiente assumenda vel dicta. Aperiam repudiandae asperiores quis error nesciunt.',2,2,'2020-06-21 07:43:42','2020-07-28 14:48:24'),(86,80,41,'Quidem ducimus non magnam molestiae in neque. Voluptatum eos quas et ut. Rem consequatur aliquid non iusto. Explicabo voluptas tempora commodi quis alias tenetur earum.',1,2,'2019-11-24 16:55:36','2020-07-28 14:48:24'),(87,57,94,'Iusto sunt minus a facilis. Repellat laboriosam ea beatae quasi eveniet.\nEst aut repellat eius officiis. Voluptas omnis debitis voluptatem ut. Esse corporis qui nisi occaecati officia.',2,2,'2019-09-11 09:16:20','2020-07-28 14:48:24'),(88,46,47,'Inventore vitae repellat non vel adipisci. Reiciendis consequatur quod nesciunt suscipit et quis. Quia perspiciatis et consequatur unde quia placeat.',1,1,'2020-01-14 09:22:36','2020-07-28 14:48:24'),(89,56,51,'Aut sit tenetur qui qui dolorem. Qui quisquam fuga iusto blanditiis. Quia velit et cum.',2,1,'2020-03-28 22:44:44','2020-07-28 14:48:24'),(90,43,16,'Repellat labore illum tempore est. Eos exercitationem nulla eveniet omnis quasi omnis. Sapiente incidunt quidem quidem voluptas.',1,2,'2020-03-23 06:36:08','2020-07-28 14:48:24'),(91,47,27,'Eum officia aut placeat quibusdam. Aut fuga aut deleniti sit quidem et. Et et magni veritatis nam. Est eos tenetur est omnis laborum non. Id repudiandae quo corrupti deleniti autem.',1,1,'2020-04-04 10:43:56','2020-07-28 14:48:24'),(92,6,87,'Corrupti excepturi reiciendis laboriosam autem voluptatem ratione et saepe. Enim omnis nihil deserunt dolorem facere veritatis. Omnis et ut ea enim maiores.',2,1,'2020-03-24 09:34:36','2020-07-28 14:48:24'),(93,86,51,'Maiores accusamus numquam unde qui aut. Tempore placeat totam sapiente cumque. Adipisci quia quo odit sed enim maiores magni. Maiores consectetur quia laudantium minima explicabo est.',1,2,'2019-09-28 07:16:59','2020-07-28 14:48:24'),(94,13,93,'Cupiditate eaque et eveniet qui aut. Ut ipsa consequuntur praesentium. Qui aut quis quos nam laborum dolore.',2,2,'2020-03-12 12:54:44','2020-07-28 14:48:24'),(95,8,14,'Non quia inventore est earum. Expedita reprehenderit et voluptate consectetur. Expedita exercitationem animi ut quaerat.',1,1,'2019-07-22 23:52:50','2020-07-28 14:48:24'),(96,98,91,'Est reprehenderit dolorem dolores voluptatem. Modi voluptas eum velit ut unde ut. Reprehenderit accusantium earum enim ut sed alias.',1,2,'2019-08-21 09:45:40','2020-07-28 14:48:24'),(97,66,11,'Tempora sed dignissimos non recusandae est omnis. Exercitationem quo velit eos omnis iste. Tempora rerum iusto incidunt dolorem. Voluptas praesentium repudiandae non sint sit asperiores.',1,1,'2020-03-02 13:11:52','2020-07-28 14:48:24'),(98,35,82,'Voluptatem id nihil beatae et voluptates omnis. Qui recusandae sed asperiores est. Perferendis deserunt molestiae quibusdam reiciendis. Voluptate quis rerum voluptas id omnis tempora impedit.',2,1,'2020-02-20 02:31:55','2020-07-28 14:48:24'),(99,76,76,'Ratione rem quibusdam temporibus iure eveniet. Maiores delectus ad qui eum ut. Quis aut et vero in.',1,1,'2020-02-08 11:23:15','2020-07-28 14:48:24'),(100,77,32,'Facere maxime iste iure. Aut ut quia blanditiis dolores.\nFacilis dicta ipsum ipsam. Maxime vero sunt aliquam dolorem et autem recusandae at.',2,1,'2019-11-01 20:17:22','2020-07-28 14:48:24');
/*!40000 ALTER TABLE `messages` ENABLE KEYS */;
UNLOCK TABLES;

--
-- Table structure for table `profiles`
--

DROP TABLE IF EXISTS `profiles`;
/*!40101 SET @saved_cs_client     = @@character_set_client */;
/*!50503 SET character_set_client = utf8mb4 */;
CREATE TABLE `profiles` (
  `user_id` int unsigned NOT NULL COMMENT 'Ссылка на пользователя',
  `gender` char(1) CHARACTER SET utf8 COLLATE utf8_unicode_ci NOT NULL COMMENT 'Пол',
  `birthday` date DEFAULT NULL COMMENT 'Дата рождения',
  `photo_id` int unsigned DEFAULT NULL COMMENT 'Ссылка на основную фотографию пользователя',
  `city` varchar(130) CHARACTER SET utf8 COLLATE utf8_unicode_ci DEFAULT NULL COMMENT 'Город проживания',
  `country` varchar(130) CHARACTER SET utf8 COLLATE utf8_unicode_ci DEFAULT NULL COMMENT 'Страна проживания',
  `created_at` datetime DEFAULT CURRENT_TIMESTAMP COMMENT 'Время создания строки',
  `updated_at` datetime DEFAULT CURRENT_TIMESTAMP ON UPDATE CURRENT_TIMESTAMP COMMENT 'Время обновления строки',
  PRIMARY KEY (`user_id`)
) ENGINE=InnoDB DEFAULT CHARSET=utf8 COLLATE=utf8_unicode_ci COMMENT='Профили';
/*!40101 SET character_set_client = @saved_cs_client */;

--
-- Dumping data for table `profiles`
--

LOCK TABLES `profiles` WRITE;
/*!40000 ALTER TABLE `profiles` DISABLE KEYS */;
INSERT INTO `profiles` VALUES (1,'f','2012-08-04',88,'East April','Niue','1993-02-11 09:33:35','2020-07-28 14:37:08'),(2,'f','2007-03-04',40,'New Romaine','Liechtenstein','2011-12-04 10:03:44','2020-07-28 14:37:08'),(3,'m','1989-06-18',36,'Robynmouth','France','1988-06-06 00:54:28','2020-07-28 14:37:08'),(4,'f','2002-06-21',58,'West Laury','Oman','1982-07-30 05:37:46','2020-07-28 14:37:08'),(5,'m','1971-07-13',82,'Koeppfort','Montenegro','1995-01-18 10:22:44','2020-07-28 14:37:08'),(6,'f','1989-04-17',36,'Manleybury','Greenland','1989-10-18 06:43:57','2020-07-28 14:37:08'),(7,'m','1997-12-11',32,'Gorczanyberg','Tokelau','1982-09-08 15:04:59','2020-07-28 14:37:08'),(8,'m','1989-08-03',54,'Corbinmouth','Jamaica','2004-05-14 01:02:39','2020-07-28 14:37:08'),(9,'f','2012-10-23',72,'Kohlerhaven','Dominican Republic','2009-01-10 16:33:31','2020-07-28 14:37:08'),(10,'m','2000-03-29',99,'Kohlerburgh','Namibia','2011-12-26 04:10:50','2020-07-28 14:37:08'),(11,'m','2008-01-24',79,'Lake Trudie','Panama','1985-01-01 13:59:44','2020-07-28 14:37:08'),(12,'m','2010-07-08',96,'East Aviston','Lao People\'s Democratic Republic','2019-01-30 14:58:32','2020-07-28 14:37:08'),(13,'f','1987-03-18',44,'New London','Italy','2002-10-18 17:51:49','2020-07-28 14:37:08'),(14,'m','1976-06-16',31,'West Watson','Spain','2010-02-15 11:57:25','2020-07-28 14:37:08'),(15,'m','1983-09-20',22,'Boylechester','United Arab Emirates','2014-10-30 12:39:27','2020-07-28 14:37:08'),(16,'f','1989-07-08',18,'North Cara','Sao Tome and Principe','2010-01-21 18:51:18','2020-07-28 14:37:08'),(17,'f','1990-06-04',21,'Danielfort','Netherlands Antilles','1982-05-20 08:52:45','2020-07-28 14:37:08'),(18,'m','1985-02-13',51,'East Oscar','United States Minor Outlying Islands','2016-02-09 01:05:30','2020-07-28 14:37:08'),(19,'f','2015-06-10',92,'Binstown','Oman','1974-04-06 04:41:52','2020-07-28 14:37:08'),(20,'m','2009-04-16',7,'East Ashton','Moldova','1984-07-10 02:48:12','2020-07-28 14:37:08'),(21,'f','1986-05-31',59,'Kunzeton','Tonga','2000-08-10 10:07:04','2020-07-28 14:37:08'),(22,'m','2014-09-27',75,'Port Mandyfort','Gambia','1979-12-07 02:18:17','2020-07-28 14:37:08'),(23,'f','1999-10-19',94,'Cronamouth','Haiti','1996-09-27 23:43:31','2020-07-28 14:37:08'),(24,'f','1973-09-28',46,'South Araceli','Gambia','1986-03-23 22:25:47','2020-07-28 14:37:08'),(25,'f','1994-08-18',47,'Lake Marcus','Grenada','2002-01-21 02:16:11','2020-07-28 14:37:08'),(26,'m','2007-12-12',97,'Abernathyport','Solomon Islands','1983-11-26 02:28:20','2020-07-28 14:37:08'),(27,'f','1991-05-09',44,'Rogahnmouth','Sao Tome and Principe','1975-09-20 21:54:06','2020-07-28 14:37:08'),(28,'m','1975-10-17',30,'North Sterling','Cote d\'Ivoire','2018-08-23 01:45:40','2020-07-28 14:37:08'),(29,'f','1977-01-06',16,'Andersonland','Italy','1994-10-29 20:05:24','2020-07-28 14:37:08'),(30,'f','1971-12-11',89,'East Judge','Colombia','2011-03-22 13:12:18','2020-07-28 14:37:08'),(31,'f','1984-04-15',98,'Celinetown','Bahamas','1993-05-30 01:58:50','2020-07-28 14:37:08'),(32,'f','2006-05-21',20,'Jasonstad','Iceland','1972-10-15 02:32:39','2020-07-28 14:37:08'),(33,'f','1993-01-30',5,'South Libbie','Czech Republic','2006-07-10 22:50:02','2020-07-28 14:37:08'),(34,'m','1977-12-07',67,'Arelyville','South Georgia and the South Sandwich Islands','1998-02-19 19:40:04','2020-07-28 14:37:08'),(35,'f','1987-09-18',18,'Lake Christyside','Puerto Rico','1991-10-06 08:12:01','2020-07-28 14:37:08'),(36,'f','2014-04-10',90,'Erikchester','Madagascar','2017-01-27 20:01:48','2020-07-28 14:37:08'),(37,'m','1987-05-02',93,'East Joe','Netherlands','1983-03-08 21:18:54','2020-07-28 14:37:08'),(38,'f','1971-02-24',97,'North Zariahaven','Solomon Islands','2019-11-14 02:33:39','2020-07-28 14:37:08'),(39,'m','2001-11-13',4,'East Graysonhaven','Moldova','2013-12-27 07:52:41','2020-07-28 14:37:08'),(40,'f','2011-08-27',31,'West Oran','Malaysia','2012-06-08 22:21:23','2020-07-28 14:37:08'),(41,'f','2016-09-18',39,'Fatimaborough','Kazakhstan','1976-04-12 21:33:46','2020-07-28 14:37:08'),(42,'m','1994-11-05',5,'New Elizaland','Saint Lucia','1983-02-02 20:59:22','2020-07-28 14:37:08'),(43,'f','1987-05-04',5,'East Cordelia','Montserrat','2001-01-25 21:40:38','2020-07-28 14:37:08'),(44,'f','1997-10-20',9,'West Ludwig','Luxembourg','1982-05-24 00:07:41','2020-07-28 14:37:08'),(45,'m','2014-04-05',31,'Rogahnfurt','Lesotho','1984-01-24 14:32:04','2020-07-28 14:37:08'),(46,'f','2012-06-07',27,'Kutchport','Australia','1973-03-11 14:26:11','2020-07-28 14:37:08'),(47,'f','1979-01-28',40,'West Amparofort','Svalbard & Jan Mayen Islands','2017-11-16 00:48:24','2020-07-28 14:37:08'),(48,'f','1972-06-21',19,'New Brandonhaven','Trinidad and Tobago','2017-06-17 19:08:18','2020-07-28 14:37:08'),(49,'m','1973-03-16',74,'Port Lindsay','Iran','2015-05-16 14:44:23','2020-07-28 14:37:08'),(50,'f','1974-07-25',12,'South Marcelina','Malawi','1971-04-04 05:05:30','2020-07-28 14:37:08'),(51,'f','2013-11-26',40,'Wiegandfurt','Albania','1993-01-21 08:50:18','2020-07-28 14:37:08'),(52,'f','2011-10-11',62,'New Kendraport','Costa Rica','1994-12-05 23:39:05','2020-07-28 14:37:08'),(53,'f','2000-01-25',89,'West Ardithfurt','Indonesia','1974-08-20 07:15:10','2020-07-28 14:37:08'),(54,'f','1991-11-22',58,'New Wilburn','El Salvador','2000-08-11 03:43:02','2020-07-28 14:37:08'),(55,'m','1990-07-16',23,'South Diannafurt','Christmas Island','2012-06-22 19:42:38','2020-07-28 14:37:08'),(56,'f','2019-11-10',43,'Braunport','Falkland Islands (Malvinas)','1980-08-04 14:17:27','2020-07-28 14:37:08'),(57,'f','2009-07-08',43,'North Jennieland','Samoa','2015-03-05 16:47:56','2020-07-28 14:37:08'),(58,'m','2017-03-01',84,'Gibsonhaven','Togo','2017-04-08 20:12:55','2020-07-28 14:37:08'),(59,'m','1981-12-25',93,'Celiaport','Svalbard & Jan Mayen Islands','1970-02-04 18:28:15','2020-07-28 14:37:08'),(60,'f','2017-11-07',12,'Stehrfurt','Bahrain','1973-05-08 21:10:55','2020-07-28 14:37:08'),(61,'m','2004-08-20',79,'North Alejandra','Belarus','1971-10-20 14:55:58','2020-07-28 14:37:08'),(62,'f','1976-11-23',61,'Port Alfonzoside','Montenegro','1973-01-31 17:53:56','2020-07-28 14:37:08'),(63,'m','2006-07-23',67,'New Amirfurt','Norway','1991-11-25 00:36:09','2020-07-28 14:37:08'),(64,'f','2018-07-24',52,'Lake Elvistown','Grenada','1986-07-05 09:56:41','2020-07-28 14:37:08'),(65,'m','1995-03-31',59,'Dibbertshire','Guam','2007-11-03 11:03:05','2020-07-28 14:37:08'),(66,'f','1973-12-13',36,'New Adalinestad','Sri Lanka','2006-09-16 18:55:26','2020-07-28 14:37:08'),(67,'f','1980-01-27',6,'Hammesborough','Micronesia','2010-06-03 03:23:36','2020-07-28 14:37:08'),(68,'m','1978-10-05',18,'Lake Erich','Ireland','2000-08-31 18:47:21','2020-07-28 14:37:08'),(69,'m','1977-07-22',74,'Donnellyside','Austria','1991-03-21 00:08:00','2020-07-28 14:37:08'),(70,'m','1984-11-17',13,'Naderburgh','Zimbabwe','1993-01-27 09:08:55','2020-07-28 14:37:08'),(71,'m','1999-06-08',44,'Kennymouth','Mauritania','1974-07-26 14:48:15','2020-07-28 14:37:08'),(72,'m','2004-12-18',79,'Franeckiside','Chad','1979-03-20 16:55:14','2020-07-28 14:37:08'),(73,'f','1975-04-28',62,'Bergechester','Congo','2020-07-18 19:02:58','2020-07-28 14:37:08'),(74,'m','1988-07-04',73,'North Hazleland','Haiti','2006-04-29 19:02:09','2020-07-28 14:37:08'),(75,'m','1988-02-15',77,'Kennedyside','Netherlands','1973-12-03 02:29:31','2020-07-28 14:37:08'),(76,'f','1988-10-19',67,'Simonemouth','Mauritania','2000-07-30 13:27:48','2020-07-28 14:37:08'),(77,'m','2003-04-17',5,'Bettyeburgh','Burundi','1999-02-04 02:46:59','2020-07-28 14:37:08'),(78,'f','1999-10-09',24,'West Hailey','Mongolia','2013-05-16 22:54:33','2020-07-28 14:37:08'),(79,'f','2011-08-15',2,'West Marilyne','Kazakhstan','1978-10-14 20:22:34','2020-07-28 14:37:08'),(80,'f','2014-07-02',37,'Spencerside','Bahamas','1971-05-16 06:41:01','2020-07-28 14:37:08'),(81,'f','2008-08-12',80,'New Careyburgh','Paraguay','2008-03-23 07:38:55','2020-07-28 14:37:08'),(82,'m','1999-10-29',89,'East Vince','Mauritania','2008-06-13 02:30:02','2020-07-28 14:37:08'),(83,'m','2004-09-29',4,'Graceport','British Virgin Islands','2019-09-04 12:26:17','2020-07-28 14:37:08'),(84,'f','1999-11-04',52,'Daughertymouth','El Salvador','1996-04-26 01:31:46','2020-07-28 14:37:08'),(85,'f','2009-12-31',46,'Sengermouth','Ethiopia','2014-05-01 05:45:11','2020-07-28 14:37:08'),(86,'m','2011-09-16',76,'North Xzaviershire','Bolivia','1996-08-10 05:55:55','2020-07-28 14:37:08'),(87,'m','2007-05-20',41,'Jakubowskiton','Sweden','2001-08-06 17:17:35','2020-07-28 14:37:08'),(88,'f','1977-03-01',76,'West Dellafort','Zambia','2011-12-10 16:57:51','2020-07-28 14:37:08'),(89,'m','2002-09-24',56,'Harbermouth','Seychelles','2020-04-30 21:02:35','2020-07-28 14:37:08'),(90,'f','1976-12-05',50,'Zemlakborough','Gambia','1983-04-03 01:29:17','2020-07-28 14:37:08'),(91,'f','1987-11-17',83,'Lake Juanaside','French Southern Territories','1990-11-27 02:20:14','2020-07-28 14:37:08'),(92,'m','2020-04-16',65,'Vontown','Jamaica','2012-03-10 18:00:28','2020-07-28 14:37:08'),(93,'m','2008-01-22',74,'Carrieland','Korea','2012-08-13 15:33:33','2020-07-28 14:37:08'),(94,'m','1977-02-17',73,'Angelinaberg','Denmark','1971-09-02 14:36:28','2020-07-28 14:37:08'),(95,'m','2016-07-21',45,'Roobfurt','Qatar','1988-03-01 23:58:28','2020-07-28 14:37:08'),(96,'m','2005-02-10',6,'South Clemenschester','Kazakhstan','2013-12-20 17:02:48','2020-07-28 14:37:08'),(97,'f','1975-12-23',93,'Lake Jammie','Morocco','1980-09-10 18:44:02','2020-07-28 14:37:08'),(98,'m','1972-07-06',47,'North Jaylon','Uruguay','1976-03-06 06:27:14','2020-07-28 14:37:08'),(99,'m','1987-09-08',55,'Port Wilton','Cambodia','2014-06-29 14:20:35','2020-07-28 14:37:08'),(100,'f','1971-04-07',33,'North Aracelychester','Canada','2005-11-26 10:22:12','2020-07-28 14:37:08');
/*!40000 ALTER TABLE `profiles` ENABLE KEYS */;
UNLOCK TABLES;

--
-- Table structure for table `users`
--

DROP TABLE IF EXISTS `users`;
/*!40101 SET @saved_cs_client     = @@character_set_client */;
/*!50503 SET character_set_client = utf8mb4 */;
CREATE TABLE `users` (
  `id` int unsigned NOT NULL AUTO_INCREMENT COMMENT 'Идентификатор строки',
  `first_name` varchar(100) CHARACTER SET utf8 COLLATE utf8_unicode_ci NOT NULL COMMENT 'Имя пользователя',
  `last_name` varchar(100) CHARACTER SET utf8 COLLATE utf8_unicode_ci NOT NULL COMMENT 'Фамилия пользователя',
  `email` varchar(100) CHARACTER SET utf8 COLLATE utf8_unicode_ci NOT NULL COMMENT 'Почта',
  `phone` varchar(100) CHARACTER SET utf8 COLLATE utf8_unicode_ci NOT NULL COMMENT 'Телефон',
  `created_at` datetime DEFAULT CURRENT_TIMESTAMP COMMENT 'Время создания строки',
  `updated_at` datetime DEFAULT CURRENT_TIMESTAMP ON UPDATE CURRENT_TIMESTAMP COMMENT 'Время обновления строки',
  PRIMARY KEY (`id`),
  UNIQUE KEY `email` (`email`),
  UNIQUE KEY `phone` (`phone`)
) ENGINE=InnoDB AUTO_INCREMENT=101 DEFAULT CHARSET=utf8 COLLATE=utf8_unicode_ci COMMENT='Пользователи';
/*!40101 SET character_set_client = @saved_cs_client */;

--
-- Dumping data for table `users`
--

LOCK TABLES `users` WRITE;
/*!40000 ALTER TABLE `users` DISABLE KEYS */;
INSERT INTO `users` VALUES (1,'Jane','Lakin','xkunde@example.com','961-959-3594x9050','2012-01-07 13:07:24','2020-07-28 10:45:54'),(2,'Marlon','Stamm','rosina.watsica@example.org','+74(2)5250397909','2002-10-16 01:04:50','2020-07-28 10:45:54'),(3,'Buford','Ondricka','west.darrel@example.org','(563)870-9048x4853','2006-11-14 08:20:56','2020-07-28 10:45:54'),(4,'Cruz','Beahan','christop74@example.com','722-489-5976x55910','1984-01-05 09:15:15','2020-07-28 10:45:54'),(5,'Cordelia','Keeling','destinee46@example.org','1-391-954-1385x55876','2009-04-07 10:49:24','2010-10-02 12:58:11'),(6,'Elwin','Schowalter','morissette.berniece@example.net','00108698996','1973-09-07 14:56:54','1995-05-05 21:34:22'),(7,'Isaiah','Aufderhar','mertie92@example.net','1-923-772-8020x169','2011-04-01 05:05:50','2011-12-21 20:22:01'),(8,'Layne','D\'Amore','dooley.florian@example.net','121-058-2461','1983-09-23 06:05:23','1988-12-26 15:16:18'),(9,'Leslie','Marquardt','ibergstrom@example.net','887-919-5867','1989-03-20 21:40:54','2012-04-23 11:30:32'),(10,'Cleta','Leuschke','lboyer@example.org','03846723041','1986-04-13 15:21:52','2020-04-05 05:53:29'),(11,'Rosendo','Senger','ddouglas@example.com','1-360-190-0688x255','1978-01-05 07:58:56','2008-07-11 04:34:57'),(12,'Cary','Kshlerin','lhuels@example.org','(687)174-8483x81471','1993-07-22 23:04:32','2020-07-28 10:45:54'),(13,'Verla','Deckow','flo72@example.com','(981)762-3868x0797','1978-09-24 03:19:45','2006-02-12 12:34:27'),(14,'Terrance','Bayer','pwhite@example.net','(821)138-2801x224','2002-12-01 22:38:34','2020-07-28 10:45:54'),(15,'Rosella','Jast','lysanne86@example.org','(466)935-2424x6179','2011-03-10 05:18:42','2020-07-28 10:45:54'),(16,'America','Welch','hrath@example.net','810.995.0327x97245','1972-02-08 16:33:23','2020-07-05 14:26:32'),(17,'Mackenzie','Mante','elza.haag@example.com','360-341-8951','1995-09-04 18:37:58','2008-08-26 15:00:13'),(18,'Liliana','Hegmann','o\'reilly.ned@example.net','(870)952-2154','2018-02-04 03:01:53','2020-07-28 10:45:54'),(19,'Avery','Mosciski','amalia.schimmel@example.net','(323)580-3535','2017-11-22 03:07:57','2020-07-28 10:45:54'),(20,'Bella','Brakus','huels.estel@example.net','601.534.8483x0374','1991-12-06 08:01:16','2004-08-01 05:59:05'),(21,'Stacey','Stracke','lillian66@example.net','1-763-642-2622x523','2014-08-12 00:20:31','2020-07-28 10:45:54'),(22,'Florine','Lang','brad66@example.net','08370646681','1983-04-08 06:08:51','2020-07-28 10:45:54'),(23,'Sophie','Botsford','sibyl.reichert@example.net','+83(8)9611000804','1997-07-25 03:34:23','2020-07-28 10:45:54'),(24,'Adaline','Bauch','alan39@example.org','(764)861-6946','2009-11-23 13:57:27','2018-10-03 17:46:11'),(25,'Sadye','Dietrich','hallie.mcglynn@example.net','787.865.8134','1996-01-27 13:20:09','2020-07-28 10:45:54'),(26,'Torrance','Stamm','bayer.onie@example.org','572-824-3909x324','1992-11-12 21:53:07','2015-02-26 22:15:00'),(27,'Nickolas','Padberg','oren.lind@example.net','06723005668','2013-04-15 09:13:59','2020-07-28 10:45:54'),(28,'Joana','Friesen','hilbert83@example.net','1-050-353-5197','2001-02-24 22:43:51','2020-07-28 10:45:54'),(29,'Cassandra','Stamm','roxane60@example.com','06537992617','2015-10-06 02:15:06','2020-07-28 10:45:54'),(30,'Micah','Turcotte','randi62@example.com','792-343-0974','1995-08-01 18:18:35','2017-04-01 12:49:30'),(31,'Gaston','Schimmel','cfritsch@example.org','027.132.4281x37163','1974-10-28 09:57:00','2020-01-15 21:20:48'),(32,'Alda','Bradtke','ted93@example.net','+40(5)6765848106','1979-02-14 10:50:46','2017-07-20 18:24:44'),(33,'Nelle','Wolf','wiegand.aryanna@example.net','101.678.1713x82885','1990-04-01 14:53:35','2020-07-28 10:45:54'),(34,'Rhea','Konopelski','swift.gladys@example.net','1-165-877-4785','1990-11-14 12:15:58','2008-02-20 16:19:58'),(35,'Lowell','Lind','cielo.heaney@example.com','748-855-6790x2804','1994-07-16 14:46:10','2015-03-13 23:53:43'),(36,'Maynard','Mayer','ikuhn@example.org','(994)338-5149','1984-06-08 10:33:02','2020-07-28 10:45:54'),(37,'Kaia','Conroy','hickle.karl@example.org','251-931-0635','1971-01-24 14:25:27','2008-06-10 01:43:00'),(38,'Petra','Hilpert','loy37@example.net','723.964.6612x451','1994-06-07 07:03:08','2020-07-28 10:45:54'),(39,'Alisa','Hagenes','kessler.landen@example.org','544.906.4809x3633','1979-09-01 00:03:32','2013-11-15 11:09:14'),(40,'Natasha','Bergnaum','icie00@example.net','604-072-1150x91674','1970-01-03 06:58:13','2013-10-29 13:30:47'),(41,'Susan','Stanton','o\'kon.penelope@example.com','1-481-158-9385x04798','1992-01-03 06:57:35','2020-07-28 10:45:54'),(42,'Lacey','O\'Kon','alysson79@example.com','(659)869-8750x91928','2001-12-16 01:36:48','2008-12-29 18:51:47'),(43,'Weston','Schamberger','shayna64@example.com','+58(2)3406361474','1979-09-26 21:56:08','1999-08-02 01:43:30'),(44,'Brad','Larkin','kameron.rohan@example.net','228.074.9414','1990-08-14 03:05:08','1996-11-01 13:20:33'),(45,'Courtney','Rippin','cathy31@example.com','252-293-4283','1998-11-11 03:04:03','2020-07-28 10:45:54'),(46,'Francisco','Lakin','bauch.tiana@example.com','(485)285-3605','1996-03-03 16:27:44','2001-02-16 09:08:42'),(47,'Linwood','Wyman','gklocko@example.org','+78(9)3940395333','2005-09-02 23:57:46','2020-07-28 10:45:54'),(48,'Sid','Dickinson','liam.feil@example.org','627.965.0364','1979-06-14 23:34:53','2016-01-09 08:41:36'),(49,'Lexi','Denesik','ksimonis@example.org','260-389-4386x99541','1982-10-14 09:08:01','1984-07-04 07:48:56'),(50,'Veda','Huel','nolan.ullrich@example.com','(259)500-0631x23946','1986-10-16 10:07:56','2020-07-28 10:45:54'),(51,'Kelley','Miller','nader.jordyn@example.org','105-419-8512x3422','1972-03-17 08:47:34','2008-05-01 00:51:46'),(52,'Eleonore','Boyle','leta58@example.org','509-226-6109x84462','2011-07-18 12:09:55','2020-07-28 10:45:54'),(53,'Allen','Fadel','jermaine40@example.org','455.596.4378','1991-07-08 15:11:53','2020-07-28 10:45:54'),(54,'Patsy','Beier','aric22@example.com','1-657-864-6006x59373','1970-06-22 23:15:03','1977-09-14 13:24:38'),(55,'Deontae','Shanahan','heather.gutmann@example.org','997-711-2363x34800','2004-07-30 17:13:56','2009-04-11 04:49:47'),(56,'Noah','Christiansen','rgreen@example.org','1-939-412-4486x90895','2010-05-13 05:45:58','2010-09-25 12:17:21'),(57,'Gabrielle','Satterfield','raymundo.robel@example.net','1-918-979-0202x7312','1974-02-23 09:53:44','2014-03-11 04:10:59'),(58,'Damion','Willms','kathryn51@example.com','1-303-293-1978','2006-03-23 11:57:01','2009-06-15 15:09:31'),(59,'Leonardo','Herzog','champlin.janiya@example.net','(672)028-9076','1993-09-30 18:25:38','2006-03-04 21:59:36'),(60,'Wilford','Morar','dwiza@example.com','194-683-3455','1976-05-23 03:10:00','1990-10-12 08:46:52'),(61,'Gwendolyn','Homenick','stephania.crona@example.com','(462)482-3418','1999-06-24 09:36:11','2005-08-06 12:47:07'),(62,'Tate','Leuschke','cordia44@example.org','195-945-1715x4648','2005-04-06 11:21:28','2020-07-28 10:45:54'),(63,'Raheem','Beahan','pink08@example.org','404.314.2348x5009','1993-09-16 17:54:59','1996-12-07 13:14:51'),(64,'Alysson','Connelly','gorczany.thalia@example.com','566-863-8015x001','2008-08-22 12:07:23','2020-07-28 10:45:54'),(65,'Muriel','O\'Reilly','kkshlerin@example.com','1-661-187-6989x80017','2005-01-08 23:53:20','2020-07-28 10:45:54'),(66,'General','Stracke','aliyah98@example.com','(008)130-1960x3717','1995-07-14 20:09:49','1998-08-18 13:44:42'),(67,'Erich','Gusikowski','pmorar@example.com','+25(4)5345464782','1986-09-17 15:39:55','2009-07-05 19:13:19'),(68,'Immanuel','Tremblay','kale77@example.com','167.220.8329x416','1997-07-04 18:08:32','2017-05-06 16:51:01'),(69,'Marcel','Considine','sbradtke@example.com','288-230-5220','1999-02-11 14:56:55','2002-05-13 07:11:12'),(70,'Tremaine','Moore','jtorp@example.net','433.776.8045x22267','1982-04-08 23:44:15','2020-07-28 10:45:54'),(71,'Romaine','Mertz','katelyn80@example.com','1-917-191-8584','2016-12-23 09:41:12','2020-07-28 10:45:54'),(72,'Kiel','Ziemann','kunde.genesis@example.org','(333)115-8446x7783','2010-02-20 17:36:49','2020-07-28 10:45:54'),(73,'Keith','Reichel','dixie68@example.org','490-814-0340x29225','2000-09-03 03:04:48','2011-01-10 08:50:00'),(74,'Rosalyn','Stoltenberg','hyatt.irving@example.org','+99(4)9456226492','2001-07-10 19:20:16','2011-02-07 18:02:04'),(75,'Carter','Runolfsson','rogahn.rosanna@example.net','257-960-8193','2012-05-16 06:47:49','2020-07-28 10:45:54'),(76,'Christiana','Heathcote','antoinette51@example.com','1-939-177-2143x8033','1986-11-23 11:02:50','1988-12-30 18:34:37'),(77,'Alexa','Marvin','vparisian@example.org','04232412283','2020-06-04 13:14:22','2020-07-28 10:45:54'),(78,'Vicente','Altenwerth','gcrist@example.com','129-090-3972x96915','1974-09-28 14:51:19','2007-12-13 15:25:47'),(79,'Charlie','Tromp','nicholas.blanda@example.net','(799)198-7079x03845','2009-11-19 22:26:53','2020-07-28 10:45:54'),(80,'Camila','Mertz','ward.ari@example.net','1-995-532-4510x079','1995-11-07 14:02:06','2020-07-28 10:45:54'),(81,'Cleveland','O\'Connell','madyson71@example.net','+28(2)3399896253','1989-11-13 17:43:30','2020-07-28 10:45:54'),(82,'Savanna','Conroy','okuneva.rigoberto@example.org','+21(9)1960141581','1979-07-05 18:21:06','2020-07-28 10:45:54'),(83,'Romaine','Aufderhar','paul04@example.com','539-600-5086','2001-05-06 01:20:59','2011-01-27 19:08:16'),(84,'Alexandria','Gutmann','deckow.emmet@example.net','524-478-8994x48714','1976-11-24 07:09:57','2020-07-28 10:45:54'),(85,'Alfred','Mosciski','rahul63@example.net','077-176-1677','1984-06-23 00:31:48','1992-04-13 01:06:54'),(86,'Rowan','Bechtelar','bwelch@example.net','(845)781-1119x88374','1981-09-21 02:28:10','2017-04-20 18:24:22'),(87,'Chauncey','Hartmann','labadie.xavier@example.net','07756579761','1991-05-01 08:32:33','2003-02-26 08:25:45'),(88,'Dion','Zulauf','alvis.stamm@example.org','1-714-269-7744x03208','2015-04-19 19:33:05','2017-01-28 14:21:15'),(89,'Wilfrid','Roberts','ratke.anjali@example.org','723-769-5015x808','2016-05-08 05:41:03','2020-07-28 10:45:54'),(90,'Allison','Schowalter','rafaela61@example.com','394.155.3659','2018-09-15 17:19:18','2020-07-28 10:45:54'),(91,'Jacques','Hilpert','schamberger.lauryn@example.org','+18(0)1370705653','1971-01-16 01:34:40','1976-01-27 05:50:00'),(92,'Anita','Pfannerstill','ibeier@example.com','099.439.9433x64882','1988-02-28 20:26:23','2008-05-01 09:23:06'),(93,'Cecelia','Hermiston','tom.heathcote@example.com','924-131-3905','1981-06-08 04:43:51','1994-02-23 03:33:05'),(94,'Lane','D\'Amore','adan23@example.org','495.078.1741x93951','1978-02-02 17:40:33','1990-04-10 02:40:13'),(95,'Nayeli','Roberts','jayda34@example.org','107-114-1952x930','2001-08-26 19:55:40','2020-07-28 10:45:54'),(96,'Eldora','Nikolaus','huels.cecil@example.com','1-074-290-0966x717','1977-01-27 19:35:38','1991-04-26 10:19:18'),(97,'Hollis','Feil','jacobi.lucio@example.org','362-817-3928','1985-10-28 03:24:26','2020-07-28 10:45:54'),(98,'Hanna','Mueller','huel.mathias@example.org','1-173-352-1211','2012-10-28 10:26:44','2020-07-28 10:45:54'),(99,'Darron','Grimes','rpouros@example.net','1-022-226-4917','1987-10-06 11:59:25','2020-07-28 10:45:54'),(100,'Owen','Osinski','garett.bode@example.com','+22(8)7359560642','1980-07-20 07:45:30','2007-11-03 17:04:07');
/*!40000 ALTER TABLE `users` ENABLE KEYS */;
UNLOCK TABLES;
/*!40103 SET TIME_ZONE=@OLD_TIME_ZONE */;

/*!40101 SET SQL_MODE=@OLD_SQL_MODE */;
/*!40014 SET FOREIGN_KEY_CHECKS=@OLD_FOREIGN_KEY_CHECKS */;
/*!40014 SET UNIQUE_CHECKS=@OLD_UNIQUE_CHECKS */;
/*!40101 SET CHARACTER_SET_CLIENT=@OLD_CHARACTER_SET_CLIENT */;
/*!40101 SET CHARACTER_SET_RESULTS=@OLD_CHARACTER_SET_RESULTS */;
/*!40101 SET COLLATION_CONNECTION=@OLD_COLLATION_CONNECTION */;
/*!40111 SET SQL_NOTES=@OLD_SQL_NOTES */;

-- Dump completed on 2020-07-29  7:25:20
